"Source1","Min.same","Min.diff","Location","Strain","Isolate","state"
"dairy",0,0,"USA","CFSAN006123","PDT000000075.5","MN"
"dairy",3,1,"USA","CFSAN004442","PDT000000595.5","NY"
"fish",0,0,"USA","CFSAN004448","PDT000000601.5","NY"
"fish",0,0,"USA","CFSAN004449","PDT000000602.5","NY"
"dairy",0,0,"USA","CFSAN006121","PDT000000046.5","MN"
"fish",3,7,"USA","CFSAN007133","PDT000001269.5","WA"
"fish",0,23,"USA","NYAG13B11436-4","PDT000003621.3","NY"
"dairy",2,3,"USA","VA-WGS-00221","PDT000003699.4","VA"
"dairy",0,1,"USA","VA-WGS-00222","PDT000003854.3","VA"
"dairy",2,6,"USA","CFSAN010069","PDT000003856.3","MD"
"dairy",0,4,"USA","CFSAN010071","PDT000003857.3","MD"
"dairy",2,3,"USA","CFSAN010072","PDT000003881.3","MD"
"dairy",0,3,"USA","CFSAN010074","PDT000003882.3","MD"
"dairy",0,1,"USA","CFSAN010075","PDT000003883.3","MD"
"dairy",2,3,"USA","CFSAN010076","PDT000003884.3","MD"
"dairy",0,2,"USA","VA-WGS-00224","PDT000003886.3","VA"
"dairy",1,4,"USA","VA-WGS-00226","PDT000003888.3","VA"
"dairy",1,2,"USA","VA-WGS-00227","PDT000003889.3","VA"
"dairy",0,1,"USA","VA-WGS-00228","PDT000003890.3","VA"
"dairy",5,8,"USA","VA-WGS-00229","PDT000003891.3","VA"
"dairy",0,4,"USA","VA-WGS-00230","PDT000003892.3","VA"
"dairy",1,3,"USA","VA-WGS-00223","PDT000003914.3","VA"
"dairy",0,2,"USA","VA-WGS-00232","PDT000004046.3","VA"
"dairy",1,4,"USA","VA-WGS-00233","PDT000004047.3","VA"
"dairy",2,3,"USA","VA-WGS-00234","PDT000004048.3","VA"
"dairy",2,3,"USA","VA-WGS-00236","PDT000004050.3","VA"
"dairy",0,2,"USA","VA-WGS-00238","PDT000004052.3","VA"
"dairy",7,0,"USA","NYAG12B11863-1","PDT000024365.3","NY"
"chicken",2,24,"USA","CFSAN007972","PDT000024473.3","CA"
"chicken",16,30,"USA","CFSAN007979","PDT000024474.3","CA"
"chicken",7,7,"USA","CFSAN007988","PDT000024520.3","CA"
"dairy",1,2,"USA","CFSAN010973","PDT000004382.3","DC"
"pork",0,35,"USA","ACF1400367","PDT000004423.3","TX"
"dairy",5,6,"USA","CFSAN010972","PDT000004425.3","DC"
"dairy",0,0,"USA","CFSAN006122","PDT000029758.2","MN"
"beans",16,43,"USA","CFSAN008017","PDT000024540.3","WA"
"beans",0,22,"USA","CFSAN008027","PDT000024543.3","WA"
"dairy",0,1,"USA","VA-WGS-00239","PDT000004053.3","VA"
"dairy",0,1,"USA","VA-WGS-00240","PDT000004054.3","VA"
"fish",1,19,"USA","FDA671760 2-16","PDT000081196.3","WA"
"fish",13,15,"USA","FDA437641 4-1","PDT000081240.3","WA"
"beef",2,32,"USA","CFSAN036814","PDT000081636.2","OH"
"beef",0,32,"USA","FDA918091-A-A","PDT000072471.2","NM"
"fish",0,11,"USA","CFSAN028693","PDT000072506.2","GA"
"chicken",0,14,"USA","CFSAN028756","PDT000072572.2","GA"
"fish",0,11,"USA","CFSAN028694","PDT000072596.2","GA"
"pork",5,35,"USA","TX-ACF1400883","PDT000077826.2","TX"
"pork",0,30,"USA","TX-ACF1401440","PDT000077836.2","TX"
"dairy",2,7,"USA","CFSAN034234","PDT000072644.2","TX"
"fish",0,26,"USA","CFSAN028726","PDT000072645.2","CT"
"pork",0,30,"USA","TX-ACF1400448","PDT000077062.2","TX"
"chicken",0,11,"USA","FLAG-64656","PDT000113070.2","FL"
"chicken",0,11,"USA","FLAG-64657","PDT000113071.2","FL"
"chicken",0,11,"USA","FLAG-64655","PDT000113075.2","FL"
"pork",3,3,"USA","FLAG-66752","PDT000121700.2","FL"
"fish",6,12,"USA","FLAG-48684","PDT000121869.2","FL"
"beef",11,20,"USA","FLAG-47892","PDT000121873.2","FL"
"dairy",17,15,"USA","ARS-CC9264","PDT000114437.2","VT"
"dairy",16,23,"USA","ARS-CC9271","PDT000114444.2","OH"
"dairy",29,30,"USA","ARS-CC9272","PDT000114445.2","WI"
"dairy",0,19,"USA","ARS-CC9248","PDT000114557.2","MI"
"dairy",30,20,"USA","ARS-CC9211","PDT000111464.2","CO"
"pork",3,6,"USA","FLAG-35268","PDT000156429.2","FL"
"pork",3,6,"USA","FLAG-35267","PDT000156439.2","FL"
"dairy",1,1,"USA","C2013013305","PDT000157434.2","MN"
"fish",24,20,"USA","14B06703-1","PDT000158266.2","NY"
"fish",0,23,"USA","13B11436-4","PDT000158268.2","NY"
"dairy",30,23,"USA","14B04325C-4","PDT000158270.2","NY"
"pork",1,27,"USA","FLAG-29604","PDT000158334.2","FL"
"pork",0,26,"USA","FLAG-29605","PDT000158351.2","FL"
"pork",0,5,"USA","FLAG-38435","PDT000154631.2","FL"
"pork",0,5,"USA","FLAG-38434","PDT000154641.2","FL"
"fish",4,5,"USA","FLAG-38393","PDT000154643.2","FL"
"beef",0,27,"USA","C2004004289","PDT000154657.2","MN"
"dairy",2,29,"USA","C2010001340","PDT000154659.2","MN"
"dairy",5,10,"USA","WAPHL_LIS_A00032","PDT000226127.1","WA"
"dairy",0,1,"USA","MOD1-LS1197","PDT000218190.2","TX"
"dairy",8,9,"USA","MOD1-LS1127","PDT000218197.2","TX"
"dairy",0,7,"USA","MOD1-LS1137","PDT000218202.2","TX"
"dairy",0,3,"USA","MOD1-LS1128","PDT000218205.2","TX"
"dairy",0,3,"USA","MOD1-LS1126","PDT000218206.2","TX"
"dairy",1,3,"USA","MOD1_LS806","PDT000218208.2","CA"
"dairy",1,9,"USA","MOD1-LS1207","PDT000218209.2","TX"
"dairy",0,3,"USA","MOD1-LS1184","PDT000218211.2","TX"
"beef",6,10,"USA","FLAG-3906","PDT000329791.1","FL"
"beans",4,12,"USA","FDA411341 2-12","PDT000312593.2","OR"
"beef",4,30,"USA","FLAG-2167","PDT000329591.1","FL"
"beans",1,12,"USA","FDA600724 2-6","PDT000307481.2","WA"
"avocado",0,13,"USA","VA-WGS-00403","PDT000045726.2","VA"
"fish",0,2,"USA","FDA864641-1-1","PDT000046955.3","CA"
"avocado",0,8,"USA","MDH-2014-00959","PDT000039049.2","MN"
"avocado",0,11,"USA","MDH-2014-00954","PDT000039055.2","MN"
"avocado",0,7,"USA","MDH-2014-00953","PDT000039063.2","MN"
"chicken",1,8,"USA","MOD1_LS663","PDT000041258.2","TX"
"fish",0,26,"USA","NYAG_14B10302-3","PDT000041565.2","NY"
"dairy",1,27,"USA","MOD1_LS308","PDT000040658.2","Other"
"dairy",0,23,"USA","MOD1_LS323","PDT000040668.2","Other"
"dairy",3,5,"USA","FDA929452-1,1-10","PDT000098240.2","PA"
"dairy",3,6,"USA","FDA929452-1,1-2","PDT000098241.2","PA"
"fish",3,3,"USA","FLAG-74930","PDT000098565.2","FL"
"fish",10,12,"USA","FLAG-75552","PDT000098566.2","FL"
"dairy",0,0,"USA","WAPHL-LIS-A00040","PDT000100177.2","WA"
"dairy",2,3,"USA","WAPHL_LIS_A00011","PDT000101400.2","WA"
"dairy",3,5,"USA","WAPHL_LIS_A00015","PDT000101401.2","WA"
"dairy",0,3,"USA","WAPHL_LIS_A00016","PDT000101402.2","WA"
"dairy",2,2,"USA","NRRL B-33157","PDT000102584.3","CA"
"pork",15,21,"USA","NRRL B-33310","PDT000102586.3","IA"
"dairy",4,4,"USA","CFSAN003433","PDT000102634.3","CA"
"chicken",11,34,"USA","CFSAN004336","PDT000102648.3","CA"
"dairy",1,4,"USA","WAPHL_LIS_A00013","PDT000100949.2","WA"
"fish",2,19,"USA","FLAG-59917","PDT000143851.2","FL"
"fish",4,21,"USA","FLAG-59918","PDT000143852.2","FL"
"fish",8,16,"USA","FLAG-59922","PDT000143856.2","FL"
"beef",21,21,"USA","FLAG-60111","PDT000143857.2","FL"
"chicken",14,3,"USA","FLAG-60435","PDT000143859.2","FL"
"beef",1,14,"USA","IA_2014012111","PDT000145890.3","IA"
"dairy",17,9,"USA","FDA214199","PDT000146167.2","IL"
"dairy",4,31,"USA","CFSAN054120","PDT000146311.2","AL"
"dairy",0,0,"USA","FDA640332-1","PDT000140162.2","NJ"
"dairy",1,1,"USA","FDA700152-1","PDT000140168.2","NJ"
"dairy",1,1,"USA","FDA700152-2","PDT000140169.2","NJ"
"dairy",3,3,"USA","FDA716207-1","PDT000140170.2","NJ"
"dairy",2,2,"USA","FDA716207-2","PDT000140171.2","NJ"
"dairy",0,0,"USA","FDA743759-1","PDT000140172.2","NJ"
"dairy",0,0,"USA","FDA743759-2","PDT000140173.2","NJ"
"dairy",3,25,"USA","FDA808581-1","PDT000140182.2","NY"
"dairy",18,3,"USA","FDA808581-2","PDT000140183.2","NY"
"beans",0,1,"USA","FDA524840-1","PDT000140191.2","CT"
"beans",0,0,"USA","FDA524840-6","PDT000140195.2","CT"
"dairy",8,32,"USA","WAPHL-LIS-A00046","PDT000140765.2","WA"
"dairy",3,4,"USA","FLAG-57313","PDT000138853.2","FL"
"dairy",10,20,"USA","FDA606723","PDT000142895.2","WI"
"dairy",2,31,"USA","WAPHLLISA00048","PDT000143616.4","WA"
"dairy",2,31,"USA","WAPHLLISA00047","PDT000143617.2","WA"
"fish",13,26,"USA","FDA792288","PDT000141627.2","FL"
"beef",3,19,"USA","CFSAN063730","PDT000208950.2","WA"
"beef",2,18,"USA","CFSAN063731","PDT000208953.2","WA"
"dairy",10,10,"USA","FLAG-26682","PDT000213676.2","FL"
"beef",1,12,"USA","FLAG-27278","PDT000216399.2","FL"
"chicken",4,6,"USA","12FMFO000478","PDT000217365.3","MI"
"avocado",0,16,"USA","FDA866278 C4","PDT000208379.2","CA"
"dairy",4,7,"USA","FLAG-26440","PDT000208380.2","FL"
"dairy",0,1,"USA","FDA895132-3","PDT000208600.1","CA"
"dairy",1,2,"USA","FDA895132-2","PDT000208617.1","CA"
"dairy",0,1,"USA","FDA752730-1","PDT000208622.1","CA"
"dairy",1,2,"USA","FDA878675-1","PDT000208623.1","CA"
"dairy",0,1,"USA","FDA752729-1","PDT000208625.1","CA"
"dairy",1,2,"USA","FDA752730-2","PDT000208627.1","CA"
"avocado",0,36,"USA","FDA802792 C C1","PDT000213858.2","CA"
"avocado",0,10,"USA","FDA831281-C","PDT000214018.2","VA"
"pork",13,20,"USA","FDA663715","PDT000215874.2","FL"
"dairy",0,25,"USA","18B01585-7","PDT000295667.2","NY"
"dairy",0,25,"USA","18B01585-4","PDT000295672.2","NY"
"beef",11,12,"USA","05B06641E-1","PDT000295673.2","NY"
"dairy",6,28,"USA","FDA160916","PDT000295723.2","CA"
"fish",14,20,"USA","FDA437640 2-18","PDT000295844.2","WA"
"dairy",7,8,"USA","FDA266003-C001-001","PDT000297532.2","CA"
"dairy",9,25,"USA","FDA568230-2","PDT000292475.2","NJ"
"pork",1,14,"USA","FLAG-4546","PDT000293151.2","FL"
"pork",1,14,"USA","FLAG-4544","PDT000293161.2","FL"
"fish",5,10,"USA","FDA437640 1-8","PDT000303956.2","WA"
"fish",6,18,"USA","FDA680240 2-20","PDT000303980.2","WA"
"chicken",17,18,"USA","CFSAN072451","PDT000303996.3","IL"
"beef",1,1,"USA","NC_18MP0057_isolate1","PDT000304822.2","NC"
"chicken",22,25,"USA","CFSAN018382","PDT000033866.3","CA"
"pork",3,37,"USA","CFSAN018440","PDT000033874.3","NY"
"pork",1,17,"USA","CFSAN018404","PDT000033909.3","WI"
"dairy",19,28,"USA","FDA849577","PDT000033920.4","MA"
"pork",5,5,"USA","CFSAN018426","PDT000033973.3","FL"
"dairy",4,5,"USA","MOD1_LS84","PDT000034697.3","Other"
"dairy",4,5,"USA","MOD1_LS85","PDT000034698.3","Other"
"dairy",0,1,"USA","MOD1_LS86","PDT000034699.12","Other"
"avocado",0,15,"USA","MDH-2014-00837","PDT000035209.3","MN"
"beef",1,11,"USA","CFSAN013594","PDT000032130.3","NJ"
"pork",1,16,"USA","CFSAN018407","PDT000034329.3","WI"
"dairy",4,5,"USA","CFSAN011016","PDT000032176.4","MD"
"dairy",1,2,"USA","CFSAN011018","PDT000032178.4","MD"
"fish",13,18,"USA","FLAG-28010","PDT000085351.2","FL"
"beef",1,15,"USA","FLAG-28476","PDT000085359.3","FL"
"fish",1,18,"USA","FLAG-10005","PDT000087358.8","FL"
"pork",5,26,"USA","FLAG-09073","PDT000088599.2","FL"
"dairy",3,4,"USA","FLAG-13069","PDT000092275.2","FL"
"beef",1,29,"USA","AK1216500192-3","PDT000086507.2","AK"
"pork",23,26,"USA","FLAG-92540","PDT000086512.2","FL"
"fish",15,4,"USA","FLAG-15236","PDT000086521.2","FL"
"dairy",0,13,"USA","FLAG-13308","PDT000086529.2","FL"
"fish",7,11,"USA","FLAG-12396","PDT000086532.3","FL"
"dairy",0,13,"USA","FLAG-12224","PDT000086533.2","FL"
"pork",9,3,"USA","FLAG-05949","PDT000086565.3","FL"
"dairy",3,10,"USA","FLAG-28101","PDT000085362.2","FL"
"avocado",3,23,"USA","TX-856011.COMP.4","PDT000085508.2","TX"
"avocado",0,20,"USA","TX-856011.SUB.12","PDT000085512.3","TX"
"avocado",0,24,"USA","TX-861559.COMP.3","PDT000085517.2","TX"
"avocado",0,25,"USA","TX-861559.SUB.15","PDT000085518.2","TX"
"avocado",0,4,"USA","TX-871048.COMP.4","PDT000086138.3","TX"
"chicken",2,17,"USA","FLAG-11795","PDT000086855.2","FL"
"chicken",7,22,"USA","FLAG-11796","PDT000086856.2","FL"
"pork",0,0,"USA","FLAG-07973","PDT000086861.2","FL"
"beans",16,13,"USA","TX-AML1503267","PDT000086885.2","TX"
"beef",0,26,"USA","CFSAN048830","PDT000128577.2","CA"
"beef",5,32,"USA","CFSAN049114","PDT000129352.2","CA"
"beef",4,30,"USA","CFSAN049046","PDT000129361.2","CA"
"beef",0,35,"USA","CFSAN049078","PDT000129395.2","CA"
"dairy",0,0,"USA","CFSAN049397","PDT000129458.2","WA"
"dairy",1,1,"USA","CFSAN049398","PDT000129459.2","WA"
"dairy",0,0,"USA","CFSAN049401","PDT000129462.2","WA"
"dairy",1,1,"USA","CFSAN049402","PDT000129463.2","WA"
"dairy",0,0,"USA","CFSAN049403","PDT000129464.2","WA"
"dairy",0,0,"USA","CFSAN049404","PDT000129465.2","WA"
"beef",1,27,"USA","CFSAN049121","PDT000129526.2","CA"
"beef",2,30,"USA","CFSAN049122","PDT000129527.2","CA"
"beef",1,29,"USA","CFSAN049124","PDT000129529.2","CA"
"beef",1,29,"USA","CFSAN049128","PDT000129533.2","CA"
"dairy",6,30,"USA","ARS-CC9314","PDT000130406.2","NY"
"beef",0,26,"USA","CFSAN049038","PDT000128509.2","CA"
"pork",0,33,"USA","CFSAN022990","PDT000205251.1","IL"
"dairy",1,16,"USA","FDA358036","PDT000197898.2","NY"
"dairy",0,19,"USA","09B00813A-1","PDT000198005.2","NY"
"avocado",0,13,"USA","FLAG-846140_S20","PDT000198341.2","CO"
"avocado",1,1,"USA","FLAG-773872_C4","PDT000198342.2","CO"
"avocado",0,40,"USA","FLAG-871250_S24","PDT000199121.2","CA"
"avocado",15,13,"USA","FLAG-869296_S32","PDT000199125.2","CA"
"dairy",3,3,"USA","09FMFO000138","PDT000199154.3","MI"
"dairy",1,0,"USA","09FMFO000137","PDT000199155.3","MI"
"dairy",2,2,"USA","09FMFO000055","PDT000199157.3","MI"
"avocado",0,4,"USA","FDA861279-C","PDT000200147.3","TX"
"avocado",0,16,"USA","FDA866278 S13","PDT000200150.3","CA"
"avocado",0,23,"USA","FDA868396 S18","PDT000200353.2","UT"
"avocado",0,23,"USA","FDA868396 C4","PDT000200354.2","UT"
"avocado",0,25,"USA","FDA861559 S15","PDT000200355.2","CO"
"dairy",4,9,"USA","DFPST0071","PDT000276337.2","Other"
"dairy",4,13,"USA","DFPST0070","PDT000276497.2","Other"
"dairy",0,31,"USA","CFSAN071356","PDT000276512.2","NY"
"dairy",2,2,"USA","12B05825A-1","PDT000287815.2","NY"
"dairy",1,35,"USA","CFSAN075789","PDT000289639.2","IL"
"dairy",0,35,"USA","CFSAN075788","PDT000289650.2","IL"
"dairy",0,34,"USA","CFSAN075793","PDT000289681.2","IL"
"dairy",1,35,"USA","CFSAN075791","PDT000289684.2","IL"
"dairy",0,34,"USA","CFSAN075792","PDT000289685.2","IL"
"dairy",1,35,"USA","CFSAN075785","PDT000289691.2","IL"
"dairy",0,34,"USA","CFSAN075795","PDT000289694.2","IL"
"dairy",2,36,"USA","CFSAN075780","PDT000288182.2","IL"
"dairy",0,34,"USA","CFSAN075781","PDT000288184.2","IL"
"fish",1,1,"USA","12B10440A-1","PDT000287816.2","NY"
"fish",4,7,"USA","13B02883A-1","PDT000287820.2","NY"
"dairy",1,35,"USA","CFSAN075782","PDT000288150.2","IL"
"dairy",1,35,"USA","CFSAN075778","PDT000288151.2","PA"
"dairy",1,35,"USA","CFSAN075779","PDT000288152.2","IL"
"dairy",1,3,"USA","CFSAN034252","PDT000068603.2","TX"
"dairy",1,4,"USA","CFSAN034241","PDT000068605.2","TX"
"dairy",0,0,"USA","CFSAN034233","PDT000068614.2","TX"
"dairy",12,21,"USA","CFSAN034244","PDT000068628.2","TX"
"dairy",0,3,"USA","CFSAN034240","PDT000068636.2","TX"
"dairy",1,2,"USA","CFSAN034235","PDT000068639.2","TX"
"dairy",0,3,"USA","CFSAN034239","PDT000068640.2","TX"
"dairy",0,3,"USA","CFSAN034242","PDT000068641.2","TX"
"dairy",4,8,"USA","CFSAN034243","PDT000068642.2","TX"
"dairy",1,9,"USA","CFSAN034253","PDT000068643.2","TX"
"dairy",3,6,"USA","CFSAN034236","PDT000068652.2","TX"
"dairy",3,12,"USA","CFSAN034237","PDT000068660.2","TX"
"dairy",1,4,"USA","CFSAN034245","PDT000068663.2","TX"
"dairy",0,2,"USA","CFSAN034251","PDT000068667.2","TX"
"dairy",1,3,"USA","CFSAN034249","PDT000068670.2","TX"
"dairy",0,1,"USA","CFSAN034250","PDT000068671.2","TX"
"dairy",0,1,"USA","CFSAN034254","PDT000068672.2","TX"
"dairy",0,0,"USA","CFSAN034238","PDT000068677.2","TX"
"dairy",9,12,"USA","CFSAN034248","PDT000068679.2","TX"
"beans",0,0,"USA","VA-WGS-00439","PDT000068708.2","VA"
"beans",3,3,"USA","VA-WGS-00438","PDT000068716.2","VA"
"fish",4,32,"USA","AK1035500078","PDT000068720.3","AK"
"dairy",8,13,"USA","CFSAN034256","PDT000068732.2","TX"
"dairy",0,2,"USA","CFSAN034257","PDT000068733.2","TX"
"dairy",4,7,"USA","CFSAN034264","PDT000068740.2","TX"
"dairy",0,4,"USA","CFSAN034265","PDT000068741.2","TX"
"dairy",0,3,"USA","CFSAN034260","PDT000068747.2","TX"
"dairy",2,7,"USA","CFSAN034263","PDT000068756.2","TX"
"dairy",4,8,"USA","CFSAN034258","PDT000068761.2","TX"
"dairy",0,7,"USA","CFSAN033568","PDT000066316.2","TX"
"dairy",0,0,"USA","CFSAN033572","PDT000066317.2","TX"
"dairy",0,0,"USA","CFSAN033580","PDT000066318.2","TX"
"dairy",0,1,"USA","CFSAN033571","PDT000066324.2","TX"
"dairy",0,1,"USA","CFSAN033587","PDT000066332.2","TX"
"dairy",0,2,"USA","CFSAN033581","PDT000066335.2","TX"
"dairy",0,4,"USA","CFSAN033570","PDT000066341.2","TX"
"dairy",0,1,"USA","CFSAN033579","PDT000066342.2","TX"
"dairy",0,3,"USA","CFSAN033565","PDT000066344.2","TX"
"dairy",0,4,"USA","CFSAN033578","PDT000066351.2","TX"
"dairy",0,2,"USA","CFSAN033563","PDT000066353.2","TX"
"dairy",2,3,"USA","CFSAN033567","PDT000066370.2","TX"
"dairy",0,4,"USA","CFSAN033569","PDT000066371.2","TX"
"dairy",1,4,"USA","CFSAN033562","PDT000066377.2","TX"
"dairy",2,5,"USA","CFSAN033583","PDT000066379.2","TX"
"dairy",0,7,"USA","CFSAN033575","PDT000066382.2","TX"
"dairy",1,9,"USA","CFSAN033582","PDT000066388.2","TX"
"dairy",2,5,"USA","CFSAN033564","PDT000066391.2","TX"
"dairy",0,3,"USA","CFSAN033566","PDT000066393.2","TX"
"dairy",0,3,"USA","CFSAN033573","PDT000066394.2","TX"
"dairy",1,9,"USA","CFSAN033576","PDT000066395.2","TX"
"dairy",0,1,"USA","CFSAN033577","PDT000066396.2","TX"
"dairy",7,7,"USA","WAPHL-LIS-A00038","PDT000065156.2","WA"
"dairy",1,8,"USA","CFSAN034271","PDT000068750.2","TX"
"dairy",0,3,"USA","CFSAN034268","PDT000068763.2","TX"
"fish",0,9,"USA","C2008001652","PDT000137417.2","MN"
"beef",1,5,"USA","C2004003565","PDT000133698.2","MN"
"chicken",13,27,"USA","16B05567-1","PDT000133801.2","NY"
"fish",5,20,"USA","FLAG-49603","PDT000134033.2","FL"
"pork",0,19,"USA","FLAG-60643","PDT000134292.2","FL"
"pork",3,31,"USA","TX-ACF1302087","PDT000137970.2","TX"
"dairy",0,0,"USA","17B02320-9","PDT000193035.2","NY"
"dairy",0,0,"USA","17B02319-4","PDT000193036.2","NY"
"dairy",1,1,"USA","17B02318-4","PDT000193038.2","NY"
"chicken",9,30,"USA","OH-16-8884-2","PDT000183411.3","OH"
"avocado",0,0,"USA","FDA849740 C4","PDT000184394.2","IL"
"avocado",0,42,"USA","FDA773872 S16","PDT000187411.2","CO"
"avocado",0,0,"USA","FDA773872 S15","PDT000187415.2","CO"
"avocado",0,0,"USA","FDA773872 S11","PDT000187417.2","CO"
"beans",28,33,"USA","12B08062-6","PDT000191526.2","NY"
"avocado",4,16,"USA","FDA1023308-C001-001","PDT000266900.6","CA"
"pork",20,21,"USA","FLAG-33428","PDT000266944.2","FL"
"beans",0,2,"USA","10B06691A-1","PDT000267320.3","NY"
"pork",2,3,"USA","17B11503-4","PDT000267323.3","NY"
"dairy",2,2,"USA","17B11386-8","PDT000267329.3","NY"
"beef",0,8,"USA","FLAG-3375","PDT000268728.2","FL"
"dairy",18,12,"USA","FLAG-3234","PDT000268742.2","FL"
"beef",0,8,"USA","FLAG-3236","PDT000268757.2","FL"
"beef",0,8,"USA","FLAG-3238","PDT000268760.2","FL"
"dairy",0,0,"USA","VA-WGS-17097","PDT000269028.2","SC"
"dairy",0,0,"USA","VA-WGS-17096","PDT000269030.2","SC"
"dairy",2,2,"USA","VA-WGS-17095","PDT000269032.2","SC"
"dairy",3,3,"USA","VA-WGS-17094","PDT000269033.2","SC"
"dairy",28,26,"USA","FDA226168","PDT000270694.2","CA"
"avocado",0,12,"USA","FDA1026971-C001-001","PDT000262132.2","CA"
"avocado",0,12,"USA","FDA1026971-C002-001","PDT000262133.2","CA"
"dairy",25,4,"USA","FDA217461-1A","PDT000263941.2","TX"
"dairy",17,23,"USA","FDA256306","PDT000263947.2","Other"
"dairy",0,31,"USA","CFSAN071355","PDT000264808.2","NY"
"fish",4,3,"USA","FDA1024304-C002-01","PDT000273326.2","MA"
"beef",0,8,"USA","FLAG-3439","PDT000259309.2","FL"
"beef",6,14,"USA","FLAG-3376","PDT000259344.2","FL"
"pork",1,22,"USA","FLAG-8152","PDT000259458.2","FL"
"dairy",0,31,"USA","17B10819-2","PDT000259515.2","NY"
"pork",11,19,"USA","CFSAN072256","PDT000272398.2","WI"
"pork",2,12,"USA","CFSAN072257","PDT000272414.2","WI"
"chicken",1,22,"USA","FLAG-34780","PDT000274801.2","FL"
"avocado",0,10,"USA","FDA831281-12","PDT000036240.2","VA"
"pork",2,18,"USA","CFSAN018406","PDT000036644.2","WI"
"chicken",3,2,"USA","WAPHL-LIS-A00004","PDT000036838.2","HI"
"dairy",3,4,"USA","VA-WGS-00329","PDT000037369.2","VA"
"dairy",1,26,"USA","MOD1_LS307","PDT000038320.2","Other"
"pork",4,27,"USA","CFSAN023703","PDT000038589.2","TX"
"dairy",2,10,"USA","CFSAN011043","PDT000037159.3","WA"
"dairy",0,0,"USA","CFSAN028804","PDT000094758.2","MD"
"dairy",0,0,"USA","CFSAN028792","PDT000094794.2","MD"
"dairy",0,43,"USA","CFSAN028800","PDT000094802.2","MD"
"dairy",1,6,"USA","CFSAN041543","PDT000095109.2","WA"
"dairy",2,7,"USA","CFSAN041547","PDT000095112.2","WA"
"dairy",0,5,"USA","CFSAN041549","PDT000095113.2","WA"
"dairy",1,1,"USA","CFSAN041551","PDT000095115.2","WA"
"dairy",1,6,"USA","CFSAN041552","PDT000095116.2","WA"
"dairy",3,4,"USA","CFSAN041553","PDT000095117.2","WA"
"dairy",0,5,"USA","CFSAN041556","PDT000095120.2","WA"
"dairy",2,2,"USA","CFSAN041558","PDT000095122.2","WA"
"dairy",5,6,"USA","CFSAN041559","PDT000095123.2","WA"
"dairy",1,4,"USA","CFSAN041560","PDT000095124.2","WA"
"dairy",4,3,"USA","FLAG-14068","PDT000095346.2","FL"
"fish",1,1,"USA","FLAG-86583","PDT000095348.2","FL"
"pork",0,26,"USA","FLAG-84731","PDT000095359.2","FL"
"dairy",1,1,"USA","FDA762256 2-1","PDT000092390.2","WI"
"fish",0,6,"USA","FLAG-01274","PDT000092935.2","FL"
"fish",2,8,"USA","FLAG-01272","PDT000092938.8","FL"
"dairy",14,18,"USA","AK1118900134","PDT000094235.2","AK"
"beef",0,28,"USA","AK1216500192-4","PDT000094236.2","AK"
"beef",0,28,"USA","AK1216500192-5","PDT000094237.2","AK"
"chicken",2,36,"USA","CFSAN033419","PDT000094305.2","CA"
"dairy",0,14,"USA","AK1118900131","PDT000094232.2","AK"
"dairy",0,14,"USA","AK1118900132","PDT000094233.2","AK"
"dairy",0,14,"USA","AK1118900133","PDT000094234.2","AK"
"dairy",0,11,"USA","CFSAN048640","PDT000125769.2","WA"
"dairy",1,12,"USA","CFSAN048641","PDT000125770.2","WA"
"dairy",0,11,"USA","CFSAN048642","PDT000125771.2","WA"
"dairy",0,11,"USA","CFSAN048643","PDT000125772.2","WA"
"beans",1,5,"USA","CFSAN048718","PDT000125792.2","WA"
"dairy",29,25,"USA","ARS-CC9283","PDT000125073.2","OH"
"dairy",0,5,"USA","CFSAN046244","PDT000125703.2","WA"
"dairy",0,5,"USA","CFSAN046245","PDT000125704.2","WA"
"dairy",0,5,"USA","CFSAN046246","PDT000125705.2","WA"
"dairy",0,5,"USA","CFSAN046247","PDT000125706.2","WA"
"dairy",0,5,"USA","CFSAN046249","PDT000125708.2","WA"
"dairy",0,32,"USA","FLAG-21973-2A","PDT000172269.2","FL"
"avocado",1,34,"USA","FDA866014 C3","PDT000178537.2","MA"
"avocado",0,40,"USA","FDA871250 C19","PDT000178568.2","CA"
"avocado",1,37,"USA","FDA869098 S11","PDT000178571.2","MA"
"dairy",3,23,"USA","FDA336834 2A","PDT000178927.3","TX"
"dairy",3,20,"USA","FDA336834 1A","PDT000178928.3","TX"
"avocado",1,25,"USA","FDA854691 C4","PDT000181423.2","CA"
"avocado",14,11,"USA","FDA869296 S45","PDT000181425.2","CA"
"avocado",0,0,"USA","FDA849740 S20","PDT000181427.2","IL"
"dairy",3,3,"USA","C2013012826","PDT000163765.2","MN"
"dairy",0,31,"USA","FDA851662","PDT000167525.2","TX"
"dairy",0,31,"USA","FDA851664","PDT000167529.2","TX"
"fish",13,30,"USA","13B07019-13","PDT000175493.2","NY"
"fish",1,23,"USA","13B07016-1","PDT000175497.2","NY"
"fish",13,25,"USA","13B06562-1","PDT000175498.2","NY"
"fish",5,25,"USA","13B07020-1","PDT000175502.2","NY"
"fish",6,5,"USA","13B03210-1","PDT000175513.2","NY"
"dairy",1,16,"USA","KS-15037-8","PDT000176454.1","KS"
"pork",1,3,"USA","FDA1015799-C001-001","PDT000250490.2","RI"
"pork",30,29,"USA","FLAG-31615","PDT000252886.2","FL"
"dairy",0,45,"USA","FLAG-9481","PDT000252924.2","FL"
"chicken",2,5,"USA","FDA1016296-S001-002","PDT000257207.2","CO"
"beans",5,29,"USA","FLAG-14807","PDT000257694.2","FL"
"pork",0,10,"USA","FLAG-15080","PDT000252873.2","FL"
"pork",4,0,"USA","FLAG-30990","PDT000252875.2","FL"
"pork",36,42,"USA","FLAG-31432","PDT000252882.2","FL"
"dairy",0,33,"USA","18DMFO000059-2","PDT000373220.2","MI"
"dairy",0,33,"USA","18DMFO000060-2","PDT000373224.2","MI"
"dairy",0,0,"USA","CFSAN028803","PDT000388396.1","MD"
"dairy",0,43,"USA","CFSAN028799","PDT000388398.1","MD"
"chicken",2,29,"USA","CFSAN013584","PDT000388420.1","IA"
"dairy",0,0,"USA","CFSAN028791","PDT000388443.1","MD"
"dairy",3,6,"USA","NRRL B-57451","PDT000388459.1","CA"
"pork",2,8,"USA","NRRL B-33345","PDT000388462.1","NC"
"fish",21,7,"USA","FDA803495","PDT000418647.1","WA"
"fish",8,14,"USA","FDA268424-1","PDT000410271.1","NY"
"beef",4,41,"USA","06B02372E-1","PDT000430615.1","NY"
"fish",1,42,"USA","06B05245A-1","PDT000432467.1","NY"
"chicken",4,4,"USA","FDA1038652-C002-006","PDT000573638.1","TX"
"beef",3,8,"USA","07B03512F-1","PDT000574120.1","NY"
"dairy",9,26,"USA","FLAG-58759","PDT000652011.1","FL"
"dairy",28,29,"USA","06B06614G-6","PDT000454748.1","NY"
"dairy",25,23,"USA","06B06114J-6","PDT000454749.1","NY"
"beef",12,13,"USA","06B06614E-6","PDT000454751.1","NY"
"beef",8,10,"USA","06B05094E-1","PDT000455183.1","NY"
"dairy",27,26,"USA","CFSAN090684","PDT000455228.1","CT"
"beef",8,22,"USA","06B06826E-1","PDT000463948.1","NY"
"dairy",3,33,"USA","19B00780-9","PDT000463971.1","NY"
"dairy",0,10,"USA","MOD1-LS1140","PDT000496708.1","TX"
"dairy",1,3,"USA","MOD1-LS1146","PDT000496738.1","TX"
"dairy",0,2,"USA","MOD1-LS1149","PDT000497435.1","TX"
"dairy",0,1,"USA","MOD1-LS1123","PDT000497436.1","TX"
"dairy",5,7,"USA","MOD1-LS1176","PDT000497437.1","TX"
"dairy",1,9,"USA","MOD1-LS1180","PDT000497439.1","TX"
"dairy",0,7,"USA","MOD1-LS1105","PDT000497440.1","TX"
"dairy",0,9,"USA","MOD1-LS1178","PDT000497441.1","TX"
"dairy",0,8,"USA","MOD1-LS1099","PDT000497442.1","TX"
"dairy",0,2,"USA","MOD1-LS1193","PDT000497445.1","TX"
"dairy",1,1,"USA","MOD1-LS1104","PDT000497446.1","TX"
"dairy",2,9,"USA","MOD1-LS1107","PDT000497449.1","TX"
"dairy",0,10,"USA","MOD1-LS1134","PDT000497452.1","TX"
"dairy",0,8,"USA","MOD1-LS1147","PDT000497454.1","TX"
"dairy",0,8,"USA","MOD1-LS1117","PDT000497455.1","TX"
"dairy",0,1,"USA","MOD1-LS1200","PDT000497457.1","TX"
"dairy",2,3,"USA","MOD1-LS1110","PDT000497458.1","TX"
"dairy",0,2,"USA","MOD1-LS1201","PDT000497459.1","TX"
"dairy",0,4,"USA","MOD1-LS1109","PDT000497460.1","TX"
"dairy",3,4,"USA","MOD1-LS1108","PDT000497461.1","TX"
"dairy",0,0,"USA","MOD1-LS1202","PDT000497462.1","TX"
"dairy",0,9,"USA","MOD1-LS1177","PDT000497463.1","TX"
"dairy",0,8,"USA","MOD1-LS1131","PDT000497470.1","TX"
"dairy",1,9,"USA","MOD1-LS1132","PDT000497471.1","TX"
"dairy",0,10,"USA","MOD1-LS1102","PDT000497480.1","TX"
"dairy",0,9,"USA","MOD1-LS1101","PDT000497481.1","TX"
"dairy",1,10,"USA","MOD1-LS1139","PDT000497482.1","TX"
"dairy",2,11,"USA","MOD1-LS1162","PDT000497485.1","TX"
"dairy",0,1,"USA","MOD1-LS1169","PDT000497488.1","TX"
"dairy",0,3,"USA","MOD1-LS1145","PDT000497491.1","TX"
"dairy",0,2,"USA","MOD1-LS1111","PDT000497492.1","TX"
"dairy",0,17,"USA","MOD1-LS1143","PDT000497494.1","TX"
"dairy",1,4,"USA","MOD1-LS1156","PDT000497496.1","TX"
"dairy",1,5,"USA","MOD1-LS1142","PDT000497497.1","TX"
"dairy",0,1,"USA","MOD1-LS1173","PDT000497498.1","TX"
"dairy",0,8,"USA","MOD1-LS1141","PDT000497499.1","TX"
"fish",10,16,"USA","FLAG-51633","PDT000504073.1","FL"
"dairy",25,26,"USA","PHLUSALM00087","PDT000494579.1","WA"
"dairy",0,8,"USA","CFSAN100433","PDT000630307.2","IA"
"dairy",0,8,"USA","CFSAN100434","PDT000630310.2","IA"
"dairy",22,16,"USA","CFSAN100431","PDT000630330.2","IA"
"dairy",0,9,"USA","CFSAN100427","PDT000630369.2","IA"
"dairy",0,9,"USA","CFSAN100425","PDT000630374.2","IA"
"dairy",0,8,"USA","CFSAN100429","PDT000630409.2","IA"
"dairy",0,9,"USA","CFSAN100432","PDT000630547.2","IA"
"avocado",1,9,"USA","FDA1049099-C001-001","PDT000635848.1","CA"
"beef",13,8,"USA","CFSAN103627","PDT000668363.1","WA"
"beef",7,29,"USA","CFSAN103626","PDT000668333.1","WA"
"fish",0,14,"USA","FLAG_62902","PDT000781295.1","FL"
"fish",0,15,"USA","FLAG_62901","PDT000781298.1","FL"
"avocado",5,29,"USA","CFSAN107823","PDT000892546.1","AZ"
"avocado",25,29,"USA","CFSAN107829","PDT000892602.1","WI"
"beef",1,1,"USA","PNUSAL009096","PDT000968268.1","NY"
"beef",3,26,"USA","FDA231955 A","PDT000989694.1","CA"
"dairy",1,0,"USA","FDA1122113-S001-001","PDT000996138.1","NJ"
"beef",0,21,"USA","CFSAN030482","PDT000052657.2","TX"
"beef",2,21,"USA","CFSAN030484","PDT000052659.2","TX"
"dairy",0,14,"USA","CFSAN030676","PDT000052677.2","KS"
"dairy",0,14,"USA","CFSAN030678","PDT000052678.2","KS"
"dairy",0,14,"USA","CFSAN030680","PDT000052684.2","KS"
"dairy",1,15,"USA","CFSAN030681","PDT000052685.2","KS"
"dairy",1,15,"USA","CFSAN030683","PDT000052686.2","KS"
"dairy",0,14,"USA","FDA882740-8-A RLM","PDT000060467.2","OK"
"dairy",0,14,"USA","FDA882740-7-A RLM","PDT000060474.2","OK"
"dairy",0,14,"USA","FDA882740-7-A PALCAM","PDT000060493.2","OK"
"dairy",0,19,"USA","FDA882740-9-A PALCAM","PDT000060494.2","OK"
"dairy",0,4,"USA","FDA867058-2","PDT000060517.2","FL"
"dairy",0,4,"USA","FDA867058-1","PDT000060524.2","FL"
"beans",1,1,"USA","FDA835095 2-4","PDT000049528.2","IL"
"dairy",5,7,"USA","FDA435294-1","PDT000047968.3","Other"
"fish",1,6,"USA","CFSAN028673","PDT000060379.2","CA"
"pork",0,0,"USA","15MN00049","PDT000049841.2","MN"
"pork",23,27,"USA","CFSAN028531","PDT000049903.2","NJ"
"dairy",2,2,"USA","FLAG-83153","PDT000107304.2","FL"
"beef",2,10,"USA","FLAG-01013","PDT000107353.2","FL"
"fish",0,6,"USA","FLAG-01269","PDT000107355.2","FL"
"dairy",0,23,"USA","FDA662732-2","PDT000108045.2","Other"
"dairy",1,24,"USA","FDA662731-2","PDT000108047.2","Other"
"chicken",5,5,"USA","FLAG-86576","PDT000108267.2","FL"
"dairy",30,33,"USA","ARS-CC9231","PDT000110798.2","VT"
"dairy",2,6,"USA","WAPHL_LIS_A00012","PDT000103526.2","WA"
"dairy",1,4,"USA","WAPHL_LIS_A00014","PDT000103527.2","WA"
"dairy",0,5,"USA","WAPHL_LIS_A00018","PDT000103528.2","WA"
"beef",3,11,"USA","CFSAN038695","PDT000105750.2","WI"
"dairy",0,1,"USA","CFSAN010068","PDT000105856.2","MD"
"beef",28,36,"USA","CFSAN004306","PDT000102694.3","OK"
"beef",16,20,"USA","CFSAN004322","PDT000102723.3","FL"
"dairy",3,7,"USA","CFSAN044522","PDT000102964.2","WA"
"dairy",4,9,"USA","CFSAN044524","PDT000103284.2","WA"
"dairy",3,6,"USA","CFSAN044527","PDT000103287.2","WA"
"dairy",0,11,"USA","CFSAN044530","PDT000103290.2","WA"
"dairy",1,4,"USA","CFSAN044533","PDT000103293.2","WA"
"dairy",0,4,"USA","CFSAN044536","PDT000103296.2","WA"
"dairy",2,20,"USA","FDA427423 Ox","PDT000107223.2","NY"
"dairy",0,19,"USA","FDA427428 Pal","PDT000107225.2","NY"
"dairy",3,22,"USA","FDA427428 Ox","PDT000107226.2","NY"
"dairy",1,2,"USA","FDA574834-3","PDT000107229.2","NJ"
"dairy",1,2,"USA","FDA574834-7","PDT000107230.2","NJ"
"dairy",5,6,"USA","FDA574834-8","PDT000107231.2","NJ"
"dairy",1,1,"USA","FDA574834-9","PDT000107232.2","NJ"
"dairy",0,11,"USA","CFSAN044548","PDT000103349.2","WA"
"dairy",0,4,"USA","CFSAN044549","PDT000103350.2","WA"
"dairy",0,4,"USA","CFSAN044550","PDT000103351.2","WA"
"dairy",0,11,"USA","CFSAN044552","PDT000103353.2","WA"
"dairy",0,4,"USA","CFSAN044537","PDT000103297.2","WA"
"dairy",2,6,"USA","CFSAN044546","PDT000103304.2","WA"
"dairy",3,7,"USA","CFSAN044547","PDT000103305.2","WA"
"beef",2,22,"USA","FLAG-45547","PDT000150728.2","FL"
"dairy",2,3,"USA","FLAG-45474","PDT000150731.2","FL"
"beef",9,25,"USA","NRRL B-57115","PDT000150844.1","IL"
"pork",0,25,"USA","FLAG-46048","PDT000152968.2","FL"
"dairy",6,28,"USA","FLAG-39414","PDT000152979.2","FL"
"pork",3,6,"USA","FLAG-35269","PDT000153318.2","FL"
"pork",3,6,"USA","FLAG-35805","PDT000153323.2","FL"
"beef",0,0,"USA","FDA300798-9","PDT000152286.2","TX"
"beef",2,3,"USA","FDA300798-8","PDT000152287.2","TX"
"beef",0,0,"USA","FDA300798-18","PDT000152290.2","TX"
"dairy",3,30,"USA","TX-ACF1601858","PDT000152327.2","TX"
"pork",0,21,"USA","FLAG-42406","PDT000148607.2","FL"
"chicken",1,6,"USA","FLAG-41462","PDT000148613.2","FL"
"dairy",4,28,"USA","C2010001337","PDT000148616.2","MN"
"dairy",27,23,"USA","17B08124-5","PDT000235877.2","NY"
"avocado",5,0,"USA","CFSAN059051","PDT000236299.2","CO"
"avocado",26,23,"USA","CFSAN059055","PDT000236303.2","CO"
"avocado",21,41,"USA","CFSAN064049","PDT000236407.2","AZ"
"chicken",0,10,"USA","FLAG-20057","PDT000245864.2","FL"
"dairy",0,19,"USA","NYAG_09B00813A-1","PDT000238462.2","NY"
"chicken",2,29,"USA","AG18-0030","PDT000364457.2","OH"
"dairy",7,5,"USA","18B03195-8","PDT000367558.1","NY"
"dairy",7,12,"USA","18B03195-9","PDT000367563.1","NY"
"beef",0,22,"USA","FDA231955 M","PDT000931435.1","CA"
"beef",3,26,"USA","FDA231955 L","PDT000931446.1","CA"
"beef",4,26,"USA","FDA231955 J","PDT000931482.1","CA"
"fish",26,25,"USA","WSDA2","PDT000919389.1","WA"
"avocado",3,20,"USA","CFSAN107827","PDT000892727.1","WI"
"dairy",3,11,"USA","FLAG-68747","PDT001004694.1","FL"
"dairy",0,15,"USA","21B05607-6","PDT001067553.1","NY"
"dairy",0,15,"USA","21B05607-4","PDT001067633.1","NY"
"dairy",2,21,"USA","FDA1161526-S002-002","PDT001048315.1","TX"
"dairy",2,21,"USA","FDA1161526-S001-001","PDT001048326.1","TX"
"dairy",2,21,"USA","FDA1161526-S003-002","PDT001048397.1","TX"
"dairy",0,21,"USA","AG21-0137","PDT001115347.1","OH"
"dairy",1,22,"USA","AG21-0136","PDT001115348.1","OH"
"dairy",1,22,"USA","AG21-0135","PDT001115349.1","OH"
"fish",2,15,"USA","FDA130260-C002-002","PDT001140502.1","CA"
"dairy",0,17,"USA","WSDA88","PDT001144019.1","WA"
"dairy",0,22,"USA","AG21-0157","PDT001147870.1","OH"
"dairy",0,22,"USA","AG21-0156","PDT001147871.1","OH"
"beans",1,23,"USA","WSDA78","PDT001158087.4","WA"
"beans",1,23,"USA","WSDA76","PDT001158089.4","WA"
"beans",0,22,"USA","WSDA75","PDT001158097.4","WA"
"beans",2,21,"USA","WSDA84","PDT001158102.4","WA"
"dairy",3,4,"USA","22-006932-1","PDT001264966.2","CT"
"dairy",0,1,"USA","22-006931-1","PDT001264974.2","CT"
"dairy",12,35,"USA","FDA1176096-S009-001","PDT001300311.1","MA"
"dairy",27,47,"USA","FDA1176096-S053-006","PDT001300317.1","MA"
"dairy",2,3,"USA","PNUSAL011023","PDT001104234.1","OK"
"dairy",0,1,"USA","PNUSAL011021","PDT001104235.1","OK"
"dairy",0,1,"USA","PNUSAL011027","PDT001104238.1","OK"
"dairy",1,2,"USA","PNUSAL011029","PDT001104241.1","OK"
"dairy",2,5,"USA","PNUSAL011024","PDT001104242.1","OK"
"fish",2,15,"USA","FDA130260-C001-001","PDT001082826.1","AR"
"dairy",1,26,"USA","AG21-0190","PDT001187567.1","OH"
"dairy",1,25,"USA","AG21-0189","PDT001187569.1","OH"
"dairy",0,3,"USA","22-015591","PDT001279651.1","CT"
"dairy",0,5,"USA","FDA1196984-S001-001","PDT001374814.1","VT"
"pork",0,31,"USA","FLAG-4545","PDT000473626.1","FL"
"dairy",6,34,"USA","19B05683A-2","PDT000541937.1","NY"
"dairy",32,33,"USA","19B05997-10","PDT000541944.1","NY"
"dairy",2,30,"USA","19B04345-7","PDT000541945.1","NY"
"dairy",2,30,"USA","19B04345-1","PDT000541949.1","NY"
"dairy",1,0,"USA","LMP18-H8393","PDT000542247.1","GA"
"beef",7,38,"USA","05B09347F-1","PDT000604839.1","NY"
"dairy",23,22,"USA","05B09304G-1","PDT000604878.1","NY"
"fish",1,17,"USA","126-2019-08010026","PDT000610917.1","ME"
"fish",1,18,"USA","126-2019-08010029","PDT000616245.1","ME"
"beans",1,1,"USA","FDA524837-4","PDT000404905.1","CT"
"beans",3,6,"USA","FDA507439-10","PDT000404910.1","CT"
"beans",2,2,"USA","FDA507439-4","PDT000404911.1","CT"
"beans",0,0,"USA","FDA507439-8","PDT000404929.1","CT"
"beans",2,2,"USA","FDA524837-12","PDT000404935.1","CT"
"beans",3,7,"USA","FDA524839-2","PDT000404941.1","CT"
"beans",0,1,"USA","FDA507439-5","PDT000404943.1","CT"
"beans",0,0,"USA","FDA524837-3","PDT000404946.1","CT"
"beans",1,1,"USA","FDA524840-7","PDT000406667.1","CT"
"beans",0,0,"USA","FDA524838-1","PDT000406706.1","CT"
"beans",2,2,"USA","FDA507443-1b","PDT000406712.1","CT"
"beans",0,0,"USA","FDA507438-2","PDT000406714.1","CT"
"beans",1,1,"USA","FDA524840-10","PDT000406780.1","CT"
"beans",0,0,"USA","FDA524838-5","PDT000406826.1","CT"
"beans",0,0,"USA","FDA524838-9","PDT000406832.1","CT"
"beans",0,1,"USA","FDA524838-7","PDT000406836.1","CT"
"beans",0,0,"USA","FDA507438-4","PDT000406902.1","CT"
"dairy",15,24,"USA","FDA93459","PDT000409354.1","NY"
"dairy",19,10,"USA","FDA254835","PDT000409402.1","NY"
"dairy",0,30,"USA","FDA1072469-C002-002","PDT000409715.1","NY"
"fish",4,5,"USA","FDA251930-2","PDT000409772.1","NY"
"fish",5,2,"USA","FDA404922","PDT000410181.1","NY"
"pork",0,33,"USA","CFSAN022990","PDT000394397.1","IL"
"chicken",16,17,"USA","CFSAN004339","PDT000394403.1","OH"
"beef",3,24,"USA","19B01482D-6","PDT000478528.1","NY"
"fish",0,6,"USA","19B01573-7","PDT000478530.1","NY"
"beef",1,22,"USA","19B01482D-5","PDT000478565.1","NY"
"fish",8,23,"USA","CFSAN007134","PDT000001270.5","WA"
"pork",0,30,"USA","CFSAN011019","PDT000024389.3","TX"
"pork",0,30,"USA","CFSAN011022","PDT000024392.3","TX"
"beans",9,29,"USA","CFSAN008024","PDT000024482.3","WA"
"chicken",0,22,"USA","CFSAN007973","PDT000024508.3","CA"
"chicken",31,24,"USA","CFSAN007978","PDT000024513.3","CA"
"chicken",2,7,"USA","CFSAN007987","PDT000024519.3","CA"
"chicken",12,13,"USA","CFSAN012350","PDT000027722.4","NY"
"fish",13,23,"USA","FDA179261","PDT000081169.2","AK"
"water",0,8,"USA","CFSAN036106","PDT000081204.3","WI"
"beef",0,30,"USA","CFSAN036813","PDT000081654.2","OH"
"pork",0,30,"USA","TX-ACF1400446","PDT000069989.2","TX"
"chicken",6,19,"USA","CFSAN028702","PDT000072476.3","GA"
"chicken",0,36,"USA","CFSAN028701","PDT000072547.2","GA"
"chicken",0,14,"USA","CFSAN028755","PDT000072559.2","GA"
"avocado",12,14,"USA","FDA911512-1","PDT000077433.4","MI"
"fish",5,3,"USA","FDA899586","PDT000069218.5","Other"
"pork",4,32,"USA","TX-ACF1400463","PDT000077840.2","TX"
"chicken",0,11,"USA","FLAG-64654","PDT000113076.2","FL"
"water",3,27,"USA","CFSAN026588","PDT000113111.1","NC"
"water",3,26,"USA","CFSAN026589","PDT000113112.1","NC"
"chicken",1,12,"USA","FLAG-64658","PDT000121702.2","FL"
"fish",10,25,"USA","FLAG-50817A","PDT000113664.4","FL"
"chicken",19,18,"USA","16B12404-1","PDT000158265.2","NY"
"pork",0,5,"USA","FLAG-38436","PDT000154630.2","FL"
"pork",17,15,"USA","FLAG-22451","PDT000227125.2","FL"
"chicken",0,3,"USA","MOD1_LS814","PDT000218210.2","TX"
"pork",29,43,"USA","FLAG-40882","PDT000329794.1","FL"
"fish",0,4,"USA","18FMFO000194-1","PDT000309268.4","MI"
"fish",10,23,"USA","FLAG-50817B","PDT000311727.2","FL"
"beans",4,12,"USA","FDA411341 1-7","PDT000312591.2","OR"
"beans",3,11,"USA","FDA487936 2-1","PDT000312602.2","OR"
"beans",7,15,"USA","FDA411340 1-1","PDT000312606.2","OR"
"fish",0,15,"USA","FDA328898 1","PDT000325524.1","CA"
"beans",1,11,"USA","FDA600724 2-7","PDT000307485.2","WA"
"fish",0,2,"USA","FDA864641-2-1","PDT000046916.3","CA"
"avocado",0,28,"USA","MDH-2014-00957","PDT000039050.2","MN"
"avocado",0,11,"USA","MDH-2014-00947","PDT000039056.2","MN"
"avocado",0,22,"USA","MDH-2014-00958","PDT000039061.2","MN"
"beans",0,0,"USA","FDA835095 1-1","PDT000040646.2","IL"
"chicken",0,11,"USA","FLAG-81514","PDT000098555.2","FL"
"beef",0,25,"USA","FLAG-74917","PDT000098564.2","FL"
"beans",0,0,"USA","VA-WGS-00645","PDT000100178.2","VA"
"chicken",26,37,"USA","NRRL B-33446","PDT000102509.3","GA"
"chicken",6,22,"USA","CFSAN004333","PDT000102645.3","CA"
"fish",1,53,"USA","FLAG-59811","PDT000143850.2","FL"
"fish",1,6,"USA","FLAG-59920","PDT000143854.2","FL"
"fish",1,7,"USA","FLAG-59921","PDT000143855.2","FL"
"pork",0,19,"USA","FLAG-60641","PDT000144538.2","FL"
"beans",0,2,"USA","FDA507438-1","PDT000140184.3","CT"
"beans",1,3,"USA","FDA507438-5","PDT000140185.2","CT"
"beans",1,1,"USA","FDA507439-7","PDT000140187.3","CT"
"beans",1,1,"USA","FDA507443","PDT000140188.2","CT"
"beans",3,3,"USA","FDA524844","PDT000140189.2","CT"
"beans",0,1,"USA","FDA524840-2","PDT000140190.2","CT"
"beans",1,1,"USA","FDA524840-3","PDT000140192.2","CT"
"beans",0,1,"USA","FDA524840-4","PDT000140193.2","CT"
"beans",0,0,"USA","FDA524840-5","PDT000140194.2","CT"
"fish",2,17,"USA","FLAG-51657","PDT000138859.3","FL"
"fish",5,10,"USA","FLAG-59810","PDT000138860.2","FL"
"beef",0,5,"USA","FDA466148","PDT000142902.2","Other"
"fish",17,20,"USA","FLAG-51500A","PDT000143840.2","FL"
"beef",2,20,"USA","CFSAN063728","PDT000208952.2","WA"
"avocado",1,21,"USA","FDA854428 S19","PDT000213999.2","UT"
"avocado",0,12,"USA","FDA859897-3-S1","PDT000214000.2","WA"
"avocado",0,12,"USA","FDA859897-3-C1","PDT000214006.2","WA"
"fish",2,13,"USA","FDA446166 1-1","PDT000295724.2","WA"
"chicken",0,29,"USA","14FMFO000478","PDT000297505.3","MI"
"chicken",0,29,"USA","14FMFO000501A","PDT000297512.3","MI"
"beef",14,24,"USA","05B07989E-1","PDT000303024.2","NY"
"beef",0,8,"USA","FLAG-2285","PDT000293145.2","FL"
"pork",0,9,"USA","FLAG-2266","PDT000293179.2","FL"
"water",0,23,"USA","CFSAN072527","PDT000303927.3","NY"
"beans",4,12,"USA","FDA487936 1-1","PDT000303945.2","OR"
"beef",6,15,"USA","05B07450E-1","PDT000303033.2","NY"
"beef",0,8,"USA","FLAG-2284","PDT000293175.2","FL"
"beef",1,9,"USA","FLAG-2283","PDT000293177.2","FL"
"pork",12,31,"USA","CFSAN018403","PDT000033908.3","WI"
"pork",10,27,"USA","MOD1_LS76","PDT000034694.3","Other"
"avocado",0,15,"USA","MDH-2014-00839","PDT000035278.3","MN"
"pork",16,19,"USA","CFSAN018422","PDT000035302.8","NJ"
"chicken",29,29,"USA","CFSAN013599","PDT000032135.3","TX"
"beef",0,14,"USA","FLAG-28477","PDT000085356.3","FL"
"fish",0,0,"USA","FLAG-28572","PDT000085357.2","FL"
"chicken",9,21,"USA","FLAG-25998","PDT000085358.2","FL"
"pork",31,32,"USA","FLAG-21748","PDT000087353.2","FL"
"fish",1,19,"USA","FLAG-09988","PDT000087357.8","FL"
"fish",1,1,"USA","FLAG-93057","PDT000086513.2","FL"
"pork",4,29,"USA","FLAG-09486","PDT000086556.2","FL"
"chicken",29,30,"USA","FLAG-08833","PDT000086557.2","FL"
"beef",0,14,"USA","FLAG-28475","PDT000085363.3","FL"
"fish",0,15,"USA","FLAG-00051","PDT000085365.2","FL"
"pork",1,36,"USA","FLAG-19002","PDT000085375.3","FL"
"fish",1,25,"USA","FLAG-27672","PDT000085378.6","FL"
"avocado",0,20,"USA","TX-856011.SUB.20","PDT000085494.2","TX"
"avocado",2,7,"USA","TX-854428.COMP.3","PDT000085513.2","TX"
"avocado",0,23,"USA","TX-868396.COMP.4","PDT000086131.2","TX"
"avocado",14,16,"USA","TX-868396.SUB.14","PDT000086132.2","TX"
"avocado",0,23,"USA","TX-868396.SUB.18","PDT000086134.2","TX"
"avocado",2,14,"USA","TX-871048.SUB.20","PDT000086140.2","TX"
"beef",1,28,"USA","CFSAN048862","PDT000128530.2","CA"
"beef",1,29,"USA","CFSAN049108","PDT000129347.2","CA"
"beef",1,28,"USA","CFSAN049109","PDT000129348.2","CA"
"beef",1,27,"USA","CFSAN049110","PDT000129349.2","CA"
"beef",1,27,"USA","CFSAN049115","PDT000129353.2","CA"
"beef",2,28,"USA","CFSAN049077","PDT000129394.2","CA"
"beef",1,27,"USA","CFSAN049037","PDT000128508.2","CA"
"beef",1,27,"USA","CFSAN049039","PDT000128510.2","CA"
"avocado",0,13,"USA","FLAG-846140_S17","PDT000198343.2","CO"
"fish",5,24,"USA","FDA232494-7","PDT000198968.2","WA"
"avocado",0,4,"USA","FLAG-872942-S18","PDT000199128.2","TX"
"avocado",0,4,"USA","FLAG-872942-C4","PDT000199130.2","TX"
"avocado",21,34,"USA","FDA863766 S15","PDT000200148.3","AZ"
"avocado",0,24,"USA","FDA861559 C3","PDT000200356.2","CO"
"pork",1,26,"USA","CFSAN061702","PDT000201089.2","FL"
"avocado",0,16,"USA","FDA866278 C3","PDT000200103.3","CA"
"fish",1,1,"USA","12B03992A-1","PDT000287812.3","NY"
"fish",0,37,"USA","CFSAN075797","PDT000289689.2","FL"
"beef",11,11,"USA","IA-608893","PDT000283215.3","IA"
"fish",4,7,"USA","13B02662A-1","PDT000287821.2","NY"
"water",7,30,"USA","FDA226283-1","PDT000137013.2","OR"
"water",13,38,"USA","FDA226283-9","PDT000137024.2","OR"
"pork",19,20,"USA","C2009033265","PDT000137418.2","MN"
"chicken",8,9,"USA","C2005002770","PDT000137462.2","MN"
"pork",0,1,"USA","C2005003367","PDT000137463.2","MN"
"beef",18,19,"USA","C2005003464","PDT000137464.2","MN"
"beans",1,26,"USA","FDA407167 2-2","PDT000135625.2","MN"
"fish",6,9,"USA","FLAG-50819A","PDT000134299.2","FL"
"beef",1,27,"USA","CFSAN061629","PDT000192929.2","CA"
"beef",3,24,"USA","CFSAN061619","PDT000192945.2","CA"
"fish",13,13,"USA","11B07409A-1","PDT000193040.2","NY"
"fish",4,10,"USA","09B09050A-1","PDT000193044.2","NY"
"avocado",1,14,"USA","FDA869095 S20","PDT000187404.2","MA"
"avocado",0,0,"USA","FDA773872 S14","PDT000187420.2","CO"
"fish",10,14,"USA","11B09035A-1","PDT000191528.2","NY"
"beans",3,2,"USA","10B06453A-6","PDT000267322.3","NY"
"beef",0,8,"USA","FLAG-3235","PDT000268745.2","FL"
"beef",0,8,"USA","FLAG-3237","PDT000268803.2","FL"
"beef",26,27,"USA","FDA211358-1","PDT000263949.2","TX"
"fish",0,26,"USA","FDA676032 C1-2","PDT000265941.2","CA"
"beef",3,10,"USA","FLAG-5945","PDT000259351.2","FL"
"fish",0,26,"USA","FDA676032 C1-1","PDT000265949.2","CA"
"pork",1,11,"USA","CFSAN072258","PDT000272408.2","WI"
"avocado",0,14,"USA","FDA802499 C1-1","PDT000036234.2","CA"
"avocado",8,16,"USA","FDA802499 S3-1","PDT000036237.2","CA"
"beef",1,9,"USA","CFSAN018409","PDT000036532.2","WI"
"water",0,40,"USA","VA-WGS-00300","PDT000037367.2","NC"
"pork",9,13,"USA","CFSAN023700","PDT000038585.2","AZ"
"pork",29,30,"USA","CFSAN023705","PDT000038591.2","MS"
"pork",0,32,"USA","CFSAN007114","PDT000037139.3","MN"
"pork",8,7,"USA","CFSAN022995","PDT000036983.2","LA"
"fish",0,18,"USA","CFSAN033417","PDT000094363.2","NJ"
"fish",7,19,"USA","CFSAN033418","PDT000094364.2","NJ"
"fish",2,8,"USA","FLAG-01273","PDT000092945.8","FL"
"fish",0,6,"USA","FLAG-01659A","PDT000093120.2","FL"
"fish",4,4,"USA","FLAG-86582","PDT000095347.2","FL"
"fish",0,18,"USA","CFSAN033421","PDT000094307.2","NJ"
"avocado",0,0,"USA","FDA773872 C3","PDT000178539.2","CO"
"avocado",1,36,"USA","FDA869098 C3","PDT000178569.2","MA"
"avocado",13,31,"USA","FDA866014 S17","PDT000178572.2","MA"
"avocado",0,19,"USA","FDA866014 S20","PDT000178573.2","MA"
"avocado",0,19,"USA","FDA866014 C4","PDT000178574.2","MA"
"beef",1,1,"USA","FDA314898","PDT000178937.2","TX"
"fish",3,8,"USA","WAPHL-LIS-A00045","PDT000161087.2","Other"
"chicken",1,10,"USA","CDPHFDLB-F09M01164","PDT000249660.1","CA"
"pork",2,12,"USA","FLAG-15077","PDT000252907.2","FL"
"chicken",0,45,"USA","FLAG-9480","PDT000252914.2","FL"
"chicken",2,3,"USA","FDA1016296-S001-001","PDT000257199.2","CO"
"fish",29,30,"USA","FLAG-13302","PDT000257691.2","FL"
"pork",0,10,"USA","FLAG-15079","PDT000252868.2","FL"
"beans",0,5,"USA","FDA0317855-C001-001","PDT000372602.1","CA"
"beans",0,5,"USA","FDA0317853-S002-001","PDT000372770.1","CA"
"pork",25,27,"USA","NRRL B-33980","PDT000388425.1","PR"
"pork",2,3,"USA","NRRL B-33880","PDT000388429.1","TX"
"pork",18,24,"USA","NRRL B-33441","PDT000388432.1","IN"
"pork",26,31,"USA","NRRL B-33353","PDT000388461.1","NJ"
"chicken",15,22,"USA","NRRL B-33276","PDT000388463.1","IA"
"water",5,5,"USA","FDA507437-7","PDT000389615.1","CT"
"water",7,7,"USA","FDA507437-3","PDT000389621.1","CT"
"water",5,4,"USA","FDA507437-1","PDT000389622.1","CT"
"water",5,5,"USA","FDA507437-4","PDT000389626.1","CT"
"beef",8,36,"USA","05B10452C-1","PDT000413667.1","NY"
"beef",4,4,"USA","CFSAN088705","PDT000413747.1","NY"
"water",8,28,"USA","18B05744-10-R103363","PDT000414112.1","NY"
"fish",2,3,"USA","FDA405282","PDT000410187.1","NY"
"beef",0,27,"USA","06B01131I-1","PDT000429546.1","NY"
"beef",2,18,"USA","06B01958E-1","PDT000430624.1","NY"
"beef",7,25,"USA","06B03229D-1","PDT000430719.1","NY"
"beef",6,19,"USA","06B03962E-1","PDT000431691.1","NY"
"beef",11,15,"USA","06B05086E-1","PDT000432481.1","NY"
"beef",21,33,"USA","PHLUSALM00084","PDT000494578.1","WA"
"water",1,2,"USA","FDA1108315-001-001","PDT000521307.1","FL"
"beef",3,3,"USA","PNUSAL006582","PDT000641236.1","TX"
"pork",0,23,"USA","FLAG-55551","PDT000631558.1","FL"
"avocado",4,13,"USA","FDA1049099-C002-001","PDT000635845.1","CA"
"avocado",1,10,"USA","FDA1049098-C001-001","PDT000635874.1","CA"
"water",2,31,"USA","RM50506","PDT000660293.1","CA"
"beef",19,23,"USA","CFSAN103623","PDT000668344.1","WA"
"beef",6,35,"USA","CFSAN103608","PDT000668362.1","WA"
"beef",13,14,"USA","CFSAN103622","PDT000668370.1","WA"
"water",5,30,"USA","RM50507","PDT000659136.1","CA"
"water",3,29,"USA","RM19904","PDT000687354.1","CA"
"water",7,22,"USA","RM50577","PDT000687361.1","CA"
"water",1,4,"USA","RM50580","PDT000687478.1","CA"
"water",4,15,"USA","RM50567","PDT000688678.1","CA"
"water",2,12,"USA","RM50565","PDT000688691.1","CA"
"water",4,21,"USA","RM50520","PDT000677898.1","CA"
"water",5,22,"USA","RM50509","PDT000677908.1","CA"
"water",4,11,"USA","RM50515","PDT000677910.1","CA"
"water",5,26,"USA","RM50519","PDT000677920.1","CA"
"water",5,10,"USA","RM50512","PDT000677932.1","CA"
"water",5,25,"USA","RM50511","PDT000677936.1","CA"
"water",20,34,"USA","RM50524","PDT000677946.1","CA"
"water",9,11,"USA","RM50533","PDT000677950.1","CA"
"water",3,24,"USA","RM50534","PDT000677951.1","CA"
"water",1,25,"USA","RM50544","PDT000677953.1","CA"
"water",10,24,"USA","RM50528","PDT000677954.1","CA"
"water",2,17,"USA","RM50535","PDT000677960.1","CA"
"water",3,8,"USA","RM16542","PDT000688787.1","CA"
"water",1,24,"USA","RM15692","PDT000688789.1","CA"
"water",16,31,"USA","RM19766","PDT000688790.1","CA"
"water",1,16,"USA","RM16545","PDT000688791.1","CA"
"water",6,9,"USA","RM19466","PDT000688796.1","CA"
"water",17,34,"USA","RM15697","PDT000688799.1","CA"
"water",12,28,"USA","RM19487","PDT000688801.1","CA"
"water",1,17,"USA","RM17233","PDT000688803.1","CA"
"water",2,20,"USA","RM19746","PDT000688805.1","CA"
"water",0,20,"USA","RM19485","PDT000688806.1","CA"
"water",4,32,"USA","RM17225","PDT000688807.1","CA"
"water",0,5,"USA","RM19764","PDT000688812.1","CA"
"water",4,9,"USA","RM19771","PDT000688814.1","CA"
"water",1,21,"USA","RM19439","PDT000688815.1","CA"
"water",1,13,"USA","RM19769","PDT000688816.1","CA"
"water",2,14,"USA","RM16848","PDT000688818.1","CA"
"water",6,19,"USA","RM19765","PDT000688819.1","CA"
"water",0,7,"USA","RM19437","PDT000688822.1","CA"
"water",4,15,"USA","RM19440","PDT000688825.1","CA"
"water",1,19,"USA","RM15675","PDT000688826.1","CA"
"water",1,27,"USA","RM15684","PDT000688827.1","CA"
"water",11,20,"USA","RM15677","PDT000688830.1","CA"
"water",13,18,"USA","RM15673","PDT000688831.1","CA"
"water",4,21,"USA","RM19443","PDT000688832.1","CA"
"water",2,29,"USA","RM19756","PDT000688835.1","CA"
"water",7,15,"USA","RM19497","PDT000688836.1","CA"
"water",0,17,"USA","RM19435","PDT000688839.1","CA"
"water",7,11,"USA","RM19457","PDT000688842.1","CA"
"water",7,8,"USA","RM19493","PDT000688846.1","CA"
"water",11,17,"USA","RM19492","PDT000688847.1","CA"
"water",1,22,"USA","RM16900","PDT000688850.1","CA"
"water",0,2,"USA","RM19737","PDT000688852.1","CA"
"water",1,7,"USA","RM16897","PDT000688853.1","CA"
"water",1,14,"USA","RM19464","PDT000688854.1","CA"
"water",15,20,"USA","RM16899","PDT000688857.1","CA"
"water",5,5,"USA","RM19456","PDT000688858.1","CA"
"water",1,29,"USA","RM17090","PDT000688862.1","CA"
"water",2,24,"USA","RM17195","PDT000688867.1","CA"
"water",2,31,"USA","RM17189","PDT000688872.1","CA"
"water",1,29,"USA","RM16885","PDT000688873.1","CA"
"water",3,37,"USA","RM17187","PDT000688875.1","CA"
"water",3,16,"USA","CFSAN073945","PDT000688876.1","CA"
"water",21,28,"USA","RM16896","PDT000688877.1","CA"
"water",2,25,"USA","RM17155","PDT000688878.1","CA"
"water",2,28,"USA","RM17185","PDT000688879.1","CA"
"water",0,13,"USA","RM17180","PDT000688883.1","CA"
"water",13,13,"USA","RM19751","PDT000688884.1","CA"
"water",2,5,"USA","RM17096","PDT000688885.1","CA"
"water",3,23,"USA","RM19760","PDT000688886.1","CA"
"water",1,16,"USA","RM19449","PDT000688887.1","CA"
"water",13,25,"USA","RM17175","PDT000688888.1","CA"
"water",3,9,"USA","RM17167","PDT000688890.1","CA"
"water",0,16,"USA","RM19761","PDT000688895.1","CA"
"water",1,17,"USA","RM19451","PDT000688899.1","CA"
"water",11,9,"USA","RM19754","PDT000688900.1","CA"
"water",10,13,"USA","RM19453","PDT000688902.1","CA"
"water",0,7,"USA","RM16551","PDT000688903.1","CA"
"water",18,22,"USA","RM16558","PDT000688907.1","CA"
"water",5,6,"USA","RM16559","PDT000688908.1","CA"
"water",31,29,"USA","RM19483","PDT000688909.1","CA"
"water",0,26,"USA","RM15658","PDT000688911.1","CA"
"water",10,27,"USA","RM15654","PDT000688914.1","CA"
"water",1,22,"USA","RM16552","PDT000688915.1","CA"
"water",0,11,"USA","RM19475","PDT000688916.1","CA"
"water",11,21,"USA","RM19479","PDT000688917.1","CA"
"water",0,15,"USA","RM19480","PDT000688921.1","CA"
"water",3,15,"USA","RM16549","PDT000688922.1","CA"
"water",1,14,"USA","RM16853","PDT000688923.1","CA"
"water",2,9,"USA","RM15645","PDT000688924.1","CA"
"water",13,20,"USA","RM15644","PDT000688927.1","CA"
"water",3,15,"USA","RM16546","PDT000688928.1","CA"
"water",2,27,"USA","RM16548","PDT000688930.1","CA"
"water",9,29,"USA","RM15662","PDT000688932.1","CA"
"water",11,23,"USA","RM15649","PDT000688933.1","CA"
"water",8,28,"USA","RM15664","PDT000688936.1","CA"
"water",4,11,"USA","RM16556","PDT000688938.1","CA"
"water",0,11,"USA","RM19476","PDT000688939.1","CA"
"water",0,27,"USA","RM16844","PDT000688943.1","CA"
"beef",14,13,"USA","CFSAN103606","PDT000668313.1","WA"
"beef",5,26,"USA","CFSAN103625","PDT000668329.1","WA"
"water",3,17,"USA","RM50525","PDT000677982.1","CA"
"water",1,11,"USA","RM50555","PDT000677984.1","CA"
"water",0,27,"USA","RM50554","PDT000677986.1","CA"
"water",2,24,"USA","RM50550","PDT000677998.1","CA"
"water",7,4,"USA","RM50552","PDT000677999.1","CA"
"water",1,28,"USA","CFSAN068192","PDT000688741.1","CA"
"water",20,25,"USA","RM19735","PDT000688742.1","CA"
"water",3,26,"USA","RM19463","PDT000688743.1","CA"
"water",18,24,"USA","RM16891","PDT000688744.1","CA"
"water",21,15,"USA","RM16892","PDT000688747.1","CA"
"water",1,15,"USA","RM19755","PDT000688748.1","CA"
"water",9,11,"USA","RM19462","PDT000688749.1","CA"
"water",4,5,"USA","RM17094","PDT000688753.1","CA"
"water",22,29,"USA","RM19473","PDT000688754.1","CA"
"water",0,15,"USA","RM19454","PDT000688757.1","CA"
"water",15,5,"USA","RM16894","PDT000688759.1","CA"
"water",13,24,"USA","RM19474","PDT000688762.1","CA"
"water",1,22,"USA","RM19472","PDT000688763.1","CA"
"water",9,33,"USA","RM19743","PDT000688765.1","CA"
"water",1,30,"USA","RM15695","PDT000688766.1","CA"
"water",16,15,"USA","RM15685","PDT000688767.1","CA"
"water",27,25,"USA","RM19446","PDT000688768.1","CA"
"water",4,7,"USA","RM16544","PDT000688769.1","CA"
"water",10,17,"USA","RM50566","PDT000688686.1","CA"
"water",12,40,"USA","RM50562","PDT000688699.1","CA"
"water",4,16,"USA","RM50569","PDT000688706.1","CA"
"water",3,20,"USA","RM50574","PDT000688715.1","CA"
"water",2,6,"USA","CFSAN068206","PDT000688735.1","CA"
"water",18,15,"USA","RM50541","PDT000677963.1","CA"
"water",3,17,"USA","RM50543","PDT000677964.1","CA"
"water",11,14,"USA","RM50532","PDT000677968.1","CA"
"water",8,22,"USA","RM50530","PDT000677972.1","CA"
"water",1,16,"USA","RM50531","PDT000677976.1","CA"
"water",1,10,"USA","RM50540","PDT000677978.1","CA"
"water",1,29,"USA","RM20335","PDT000689635.1","CA"
"water",0,19,"USA","RM20339","PDT000689637.1","CA"
"water",1,19,"USA","RM19777","PDT000689642.1","CA"
"water",4,7,"USA","RM20245","PDT000689643.1","CA"
"water",9,11,"USA","RM52402","PDT000689644.1","CA"
"water",1,14,"USA","RM19408","PDT000689645.1","CA"
"water",3,30,"USA","RM20265","PDT000689646.1","CA"
"water",8,10,"USA","RM20246","PDT000689647.1","CA"
"water",4,14,"USA","RM19409","PDT000689651.1","CA"
"water",0,22,"USA","RM20266","PDT000689652.1","CA"
"water",2,10,"USA","RM20242","PDT000689653.1","CA"
"water",4,6,"USA","RM52457","PDT000689654.1","CA"
"water",24,6,"USA","RM20163","PDT000689656.1","CA"
"water",20,12,"USA","RM20162","PDT000689659.1","CA"
"water",3,24,"USA","RM20340","PDT000689660.1","CA"
"water",0,23,"USA","RM20031","PDT000689662.1","CA"
"water",5,12,"USA","RM52450","PDT000689664.1","CA"
"water",0,18,"USA","RM20341","PDT000689665.1","CA"
"water",4,13,"USA","RM52473","PDT000689667.1","CA"
"water",11,20,"USA","RM20273","PDT000689668.1","CA"
"water",9,22,"USA","RM52459","PDT000689670.1","CA"
"water",6,1,"USA","RM20175","PDT000689671.1","CA"
"water",13,16,"USA","RM20275","PDT000689673.1","CA"
"water",1,13,"USA","RM20274","PDT000689674.1","CA"
"water",24,31,"USA","RM20028","PDT000689675.1","CA"
"water",10,22,"USA","RM20032","PDT000689680.1","CA"
"water",0,31,"USA","RM52451","PDT000689681.1","CA"
"water",2,12,"USA","RM20147","PDT000689682.1","CA"
"water",6,31,"USA","RM20326","PDT000689683.1","CA"
"water",1,7,"USA","RM20027","PDT000689684.1","CA"
"water",9,9,"USA","RM20166","PDT000689687.1","CA"
"water",7,16,"USA","RM20024","PDT000689689.1","CA"
"water",1,28,"USA","CFSAN081663","PDT000689690.1","CA"
"water",12,24,"USA","RM52415","PDT000689694.1","CA"
"water",3,16,"USA","RM19940","PDT000689695.1","CA"
"water",3,8,"USA","RM52388","PDT000689696.1","CA"
"water",5,12,"USA","RM52475","PDT000689698.1","CA"
"water",0,10,"USA","RM20165","PDT000689699.1","CA"
"water",22,21,"USA","RM52418","PDT000689701.1","CA"
"water",13,15,"USA","RM20328","PDT000689702.1","CA"
"water",11,6,"USA","RM52419","PDT000689703.1","CA"
"water",17,17,"USA","RM20164","PDT000689704.1","CA"
"water",13,25,"USA","RM52417","PDT000689707.1","CA"
"water",8,10,"USA","RM20013","PDT000689709.1","CA"
"water",4,17,"USA","RM20168","PDT000689710.1","CA"
"water",4,13,"USA","RM20330","PDT000689711.1","CA"
"water",2,7,"USA","RM19969","PDT000689712.1","CA"
"water",5,8,"USA","RM52462","PDT000689713.1","CA"
"water",2,4,"USA","RM20329","PDT000689714.1","CA"
"water",4,15,"USA","RM52416","PDT000689716.1","CA"
"water",0,0,"USA","RM20123","PDT000689718.1","CA"
"water",1,13,"USA","RM52381","PDT000689722.1","CA"
"water",7,13,"USA","RM20120","PDT000689723.1","CA"
"water",1,17,"USA","RM20099","PDT000689727.1","CA"
"water",0,25,"USA","RM20119","PDT000689728.1","CA"
"water",5,22,"USA","RM20224","PDT000689729.1","CA"
"water",3,24,"USA","RM20216","PDT000689730.1","CA"
"water",1,24,"USA","RM20098","PDT000689731.1","CA"
"water",1,29,"USA","RM20122","PDT000689732.1","CA"
"water",11,22,"USA","RM20214","PDT000689735.1","CA"
"water",4,36,"USA","RM20097","PDT000689736.1","CA"
"water",6,8,"USA","RM20201","PDT000689738.1","CA"
"water",15,28,"USA","RM20063","PDT000689740.1","CA"
"water",0,17,"USA","RM52399","PDT000689741.1","CA"
"water",0,7,"USA","RM19944","PDT000689742.1","CA"
"water",0,18,"USA","RM20195","PDT000689744.1","CA"
"water",3,30,"USA","RM20254","PDT000689747.1","CA"
"water",0,20,"USA","RM20118","PDT000689748.1","CA"
"water",0,24,"USA","RM20138","PDT000689752.1","CA"
"water",2,22,"USA","RM20134","PDT000689753.1","CA"
"water",8,22,"USA","RM20139","PDT000689754.1","CA"
"water",1,22,"USA","RM20240","PDT000689755.1","CA"
"water",8,36,"USA","RM20109","PDT000689756.1","CA"
"water",0,0,"USA","RM20136","PDT000689758.1","CA"
"water",0,11,"USA","RM20238","PDT000689762.1","CA"
"water",0,22,"USA","RM20192","PDT000689764.1","CA"
"water",10,5,"USA","RM20196","PDT000689765.1","CA"
"water",2,38,"USA","RM20112","PDT000689767.1","CA"
"water",1,21,"USA","RM20211","PDT000689768.1","CA"
"water",12,8,"USA","RM20095","PDT000689774.1","CA"
"water",12,22,"USA","RM20071","PDT000689782.1","CA"
"water",0,0,"USA","RM20133","PDT000689783.1","CA"
"water",0,7,"USA","RM20072","PDT000689784.1","CA"
"water",0,21,"USA","RM20237","PDT000689786.1","CA"
"water",0,25,"USA","RM20066","PDT000689788.1","CA"
"water",6,21,"USA","RM20185","PDT000689804.1","CA"
"water",3,5,"USA","RM20077","PDT000689812.1","CA"
"water",17,27,"USA","RM20058","PDT000689818.1","CA"
"water",9,18,"USA","RM20182","PDT000689820.1","CA"
"water",3,23,"USA","RM20129","PDT000689824.1","CA"
"water",5,8,"USA","RM20131","PDT000689825.1","CA"
"water",1,32,"USA","RM52379","PDT000689828.1","CA"
"water",0,17,"USA","RM20128","PDT000689831.1","CA"
"water",0,17,"USA","RM20184","PDT000689833.1","CA"
"water",1,15,"USA","RM20130","PDT000689835.1","CA"
"water",10,10,"USA","RM20116","PDT000689841.1","CA"
"water",0,24,"USA","RM20221","PDT000689849.1","CA"
"water",4,29,"USA","RM20055","PDT000689853.1","CA"
"water",1,23,"USA","RM20054","PDT000689855.1","CA"
"water",0,24,"USA","RM20222","PDT000689858.1","CA"
"water",0,12,"USA","RM20105","PDT000689889.1","CA"
"water",19,8,"USA","RM20203","PDT000689891.1","CA"
"water",0,8,"USA","RM20089","PDT000689896.1","CA"
"water",26,31,"USA","RM20171","PDT000689901.1","CA"
"water",1,0,"USA","RM20150","PDT000689902.1","CA"
"water",9,9,"USA","RM20086","PDT000689904.1","CA"
"water",2,19,"USA","RM20173","PDT000689912.1","CA"
"water",8,22,"USA","RM20322","PDT000689913.1","CA"
"water",5,12,"USA","RM20320","PDT000689914.1","CA"
"water",8,23,"USA","RM52387","PDT000689916.1","CA"
"water",24,25,"USA","RM20076","PDT000689918.1","CA"
"water",1,25,"USA","RM20079","PDT000689919.1","CA"
"water",1,4,"USA","RM20191","PDT000689920.1","CA"
"water",4,17,"USA","RM52385","PDT000689921.1","CA"
"water",7,35,"USA","RM20189","PDT000689922.1","CA"
"water",1,6,"USA","RM20087","PDT000689924.1","CA"
"water",2,30,"USA","RM20085","PDT000689925.1","CA"
"water",9,23,"USA","RM20019","PDT000689055.1","CA"
"water",15,18,"USA","RM20065","PDT000689056.1","CA"
"water",2,15,"USA","RM19957","PDT000689059.1","CA"
"water",4,34,"USA","RM20100","PDT000689070.1","CA"
"water",0,23,"USA","RM20197","PDT000689075.1","CA"
"water",1,21,"USA","RM19946","PDT000689083.1","CA"
"water",2,13,"USA","RM20299","PDT000689091.1","CA"
"water",7,6,"USA","RM20297","PDT000689103.1","CA"
"water",2,32,"USA","RM19978","PDT000689105.1","CA"
"water",7,18,"USA","RM19977","PDT000689106.1","CA"
"water",17,23,"USA","RM19999","PDT000689155.1","CA"
"water",17,24,"USA","RM52398","PDT000689172.1","CA"
"water",14,23,"USA","RM20016","PDT000689199.1","CA"
"water",0,9,"USA","RM52408","PDT000689209.1","CA"
"water",1,12,"USA","RM52396","PDT000689278.1","CA"
"water",12,14,"USA","RM52397","PDT000689281.1","CA"
"water",0,0,"USA","RM52464","PDT000689303.1","CA"
"water",0,10,"USA","RM20249","PDT000689310.1","CA"
"water",4,33,"USA","RM52420","PDT000689313.1","CA"
"water",1,18,"USA","RM52389","PDT000689315.1","CA"
"water",2,19,"USA","RM20000","PDT000689316.1","CA"
"water",3,25,"USA","RM52394","PDT000689318.1","CA"
"water",13,13,"USA","RM20010","PDT000689320.1","CA"
"water",3,20,"USA","RM20017","PDT000689321.1","CA"
"water",0,7,"USA","RM52404","PDT000689322.1","CA"
"water",1,22,"USA","RM20231","PDT000689335.1","CA"
"water",25,38,"USA","RM52406","PDT000689336.1","CA"
"water",3,26,"USA","RM52395","PDT000689337.1","CA"
"water",1,22,"USA","RM20230","PDT000689359.1","CA"
"water",1,32,"USA","RM52449","PDT000689364.1","CA"
"water",7,24,"USA","RM52448","PDT000689384.1","CA"
"water",9,11,"USA","RM52428","PDT000689394.1","CA"
"water",9,20,"USA","RM52442","PDT000689397.1","CA"
"water",24,28,"USA","RM52441","PDT000689400.1","CA"
"water",1,29,"USA","RM52440","PDT000689401.1","CA"
"water",0,6,"USA","RM52427","PDT000689402.1","CA"
"water",2,27,"USA","RM19406","PDT000689404.1","CA"
"water",9,15,"USA","RM20271","PDT000689406.1","CA"
"water",0,15,"USA","RM19788","PDT000689408.1","CA"
"water",36,19,"USA","RM19404","PDT000689414.1","CA"
"water",0,31,"USA","RM19405","PDT000689415.1","CA"
"water",22,25,"USA","RM20270","PDT000689416.1","CA"
"water",3,31,"USA","RM19782","PDT000689421.1","CA"
"water",0,16,"USA","RM19759","PDT000689425.1","CA"
"water",7,10,"USA","RM19798","PDT000689426.1","CA"
"water",0,11,"USA","RM19786","PDT000689427.1","CA"
"water",0,5,"USA","RM19787","PDT000689428.1","CA"
"water",10,12,"USA","RM19797","PDT000689429.1","CA"
"water",3,37,"USA","RM20361","PDT000689430.1","CA"
"water",2,22,"USA","RM19795","PDT000689431.1","CA"
"water",8,8,"USA","RM20325","PDT000689432.1","CA"
"water",3,26,"USA","RM19796","PDT000689433.1","CA"
"water",0,22,"USA","RM20323","PDT000689435.1","CA"
"water",2,19,"USA","RM20314","PDT000689436.1","CA"
"water",24,32,"USA","RM19415","PDT000689437.1","CA"
"water",0,15,"USA","RM19410","PDT000689438.1","CA"
"water",12,15,"USA","RM19790","PDT000689444.1","CA"
"water",0,16,"USA","RM19778","PDT000689447.1","CA"
"water",2,25,"USA","RM19783","PDT000689453.1","CA"
"water",1,26,"USA","RM19965","PDT000689456.1","CA"
"water",13,13,"USA","RM19966","PDT000689458.1","CA"
"water",1,20,"USA","RM19934","PDT000689460.1","CA"
"water",0,7,"USA","RM19955","PDT000689466.1","CA"
"water",3,3,"USA","RM20233","PDT000689468.1","CA"
"water",0,7,"USA","RM19960","PDT000689470.1","CA"
"water",1,12,"USA","RM19962","PDT000689472.1","CA"
"water",6,40,"USA","RM20002","PDT000689473.1","CA"
"water",27,30,"USA","RM52460","PDT000689475.1","CA"
"water",14,12,"USA","RM52434","PDT000689477.1","CA"
"water",1,7,"USA","RM52452","PDT000689478.1","CA"
"water",24,27,"USA","RM19976","PDT000689479.1","CA"
"water",1,13,"USA","RM52432","PDT000689480.1","CA"
"water",15,10,"USA","RM52431","PDT000689485.1","CA"
"water",2,9,"USA","RM19982","PDT000689487.1","CA"
"water",10,11,"USA","RM20332","PDT000689489.1","CA"
"water",1,30,"USA","RM52461","PDT000689490.1","CA"
"water",0,22,"USA","RM20001","PDT000689492.1","CA"
"water",1,2,"USA","RM19998","PDT000689493.1","CA"
"water",6,8,"USA","RM52436","PDT000689494.1","CA"
"water",7,37,"USA","RM20333","PDT000689496.1","CA"
"water",0,9,"USA","RM52411","PDT000689498.1","CA"
"water",2,20,"USA","RM20337","PDT000689499.1","CA"
"water",11,18,"USA","RM20004","PDT000689500.1","CA"
"water",4,14,"USA","RM20005","PDT000689501.1","CA"
"water",1,12,"USA","RM19981","PDT000689502.1","CA"
"water",4,4,"USA","RM52412","PDT000689503.1","CA"
"water",3,24,"USA","RM19984","PDT000689506.1","CA"
"water",9,33,"USA","RM52439","PDT000689508.1","CA"
"water",3,5,"USA","RM20160","PDT000689509.1","CA"
"water",0,9,"USA","RM20286","PDT000689510.1","CA"
"water",3,9,"USA","RM52444","PDT000689511.1","CA"
"water",2,9,"USA","RM20285","PDT000689512.1","CA"
"water",1,19,"USA","RM20158","PDT000689513.1","CA"
"water",3,16,"USA","RM20143","PDT000689514.1","CA"
"water",6,34,"USA","RM20283","PDT000689515.1","CA"
"water",0,8,"USA","CFSAN078537","PDT000689516.1","CA"
"water",0,20,"USA","RM19943","PDT000689518.1","CA"
"water",19,9,"USA","RM20303","PDT000689520.1","CA"
"water",4,17,"USA","RM19985","PDT000689521.1","CA"
"water",2,24,"USA","RM20308","PDT000689522.1","CA"
"water",22,22,"USA","RM52446","PDT000689523.1","CA"
"water",2,36,"USA","RM20309","PDT000689525.1","CA"
"water",11,20,"USA","RM52438","PDT000689527.1","CA"
"water",0,14,"USA","RM52447","PDT000689528.1","CA"
"water",0,22,"USA","RM20157","PDT000689529.1","CA"
"water",3,13,"USA","RM20310","PDT000689531.1","CA"
"water",6,5,"USA","RM20155","PDT000689533.1","CA"
"water",1,19,"USA","RM20278","PDT000689535.1","CA"
"water",0,11,"USA","RM19971","PDT000689536.1","CA"
"water",3,20,"USA","RM20156","PDT000689538.1","CA"
"water",20,27,"USA","RM20305","PDT000689539.1","CA"
"water",7,23,"USA","RM19974","PDT000689540.1","CA"
"water",14,34,"USA","RM20304","PDT000689541.1","CA"
"water",1,23,"USA","RM20290","PDT000689542.1","CA"
"water",0,8,"USA","RM19953","PDT000689549.1","CA"
"water",0,17,"USA","RM20306","PDT000689550.1","CA"
"water",10,6,"USA","RM19994","PDT000689551.1","CA"
"water",2,18,"USA","RM20292","PDT000689554.1","CA"
"water",1,23,"USA","RM20291","PDT000689555.1","CA"
"water",11,17,"USA","RM19990","PDT000689556.1","CA"
"water",10,13,"USA","RM20284","PDT000689560.1","CA"
"water",0,18,"USA","RM20354","PDT000689561.1","CA"
"water",2,14,"USA","RM20343","PDT000689565.1","CA"
"water",10,26,"USA","RM19937","PDT000689567.1","CA"
"water",4,4,"USA","RM20296","PDT000689569.1","CA"
"water",1,20,"USA","RM19992","PDT000689570.1","CA"
"water",20,34,"USA","RM19938","PDT000689571.1","CA"
"water",7,9,"USA","RM20295","PDT000689572.1","CA"
"water",1,14,"USA","RM20294","PDT000689576.1","CA"
"water",5,26,"USA","RM19996","PDT000689578.1","CA"
"water",1,20,"USA","RM20293","PDT000689580.1","CA"
"water",12,17,"USA","RM20226","PDT000689582.1","CA"
"water",1,18,"USA","RM52401","PDT000689585.1","CA"
"water",2,12,"USA","RM20228","PDT000689589.1","CA"
"water",0,9,"USA","RM20227","PDT000689592.1","CA"
"water",0,10,"USA","RM20209","PDT000689595.1","CA"
"water",3,31,"USA","RM20208","PDT000689596.1","CA"
"water",15,19,"USA","RM20176","PDT000689597.1","CA"
"water",0,12,"USA","RM20092","PDT000689598.1","CA"
"water",0,14,"USA","RM52477","PDT000689600.1","CA"
"water",36,33,"USA","RM52422","PDT000689602.1","CA"
"water",1,31,"USA","RM20252","PDT000689603.1","CA"
"water",0,11,"USA","RM19935","PDT000689604.1","CA"
"water",2,13,"USA","RM20251","PDT000689606.1","CA"
"water",22,21,"USA","RM52423","PDT000689607.1","CA"
"water",4,10,"USA","RM20250","PDT000689608.1","CA"
"water",3,25,"USA","RM20213","PDT000689610.1","CA"
"water",2,19,"USA","RM20090","PDT000689614.1","CA"
"water",1,21,"USA","RM20235","PDT000689616.1","CA"
"water",23,21,"USA","RM19400","PDT000689619.1","CA"
"water",14,34,"USA","RM20353","PDT000689620.1","CA"
"water",26,31,"USA","RM52456","PDT000689621.1","CA"
"water",11,11,"USA","RM19403","PDT000689622.1","CA"
"water",2,14,"USA","RM20338","PDT000689623.1","CA"
"water",22,14,"USA","RM20179","PDT000689626.1","CA"
"water",14,30,"USA","RM20334","PDT000689627.1","CA"
"water",20,18,"USA","RM19401","PDT000689628.1","CA"
"water",0,6,"USA","RM20178","PDT000689629.1","CA"
"water",3,27,"USA","RM20033","PDT000689630.1","CA"
"water",9,9,"USA","RM52453","PDT000689631.1","CA"
"water",0,20,"USA","RM20205","PDT000689632.1","CA"
"water",11,11,"USA","RM52455","PDT000689633.1","CA"
"water",3,9,"USA","RM16553","PDT000688944.1","CA"
"water",11,16,"USA","RM20316","PDT000688951.1","CA"
"water",3,15,"USA","RM19430","PDT000688956.1","CA"
"water",10,16,"USA","RM19433","PDT000688958.1","CA"
"water",5,32,"USA","RM19792","PDT000688970.1","CA"
"water",15,33,"USA","RM20311","PDT000688971.1","CA"
"water",5,26,"USA","RM19800","PDT000688972.1","CA"
"water",16,27,"USA","RM19802","PDT000688973.1","CA"
"water",0,15,"USA","RM19399","PDT000688974.1","CA"
"water",19,24,"USA","RM20317","PDT000688975.1","CA"
"water",0,23,"USA","RM19793","PDT000688976.1","CA"
"water",2,19,"USA","RM19801","PDT000688979.1","CA"
"water",3,8,"USA","RM19434","PDT000688980.1","CA"
"water",0,19,"USA","RM19803","PDT000688982.1","CA"
"water",36,36,"USA","RM19794","PDT000688984.1","CA"
"water",0,11,"USA","RM19805","PDT000688985.1","CA"
"water",19,8,"USA","RM19398","PDT000688989.1","CA"
"water",24,31,"USA","RM19423","PDT000688990.1","CA"
"water",3,21,"USA","RM20348","PDT000688993.1","CA"
"water",1,5,"USA","RM19775","PDT000688994.1","CA"
"water",1,21,"USA","RM20318","PDT000688998.1","CA"
"water",32,38,"USA","RM20359","PDT000688999.1","CA"
"water",4,6,"USA","RM20300","PDT000689014.1","CA"
"water",1,19,"USA","RM20357","PDT000689015.1","CA"
"water",1,1,"USA","RM20350","PDT000689016.1","CA"
"water",8,11,"USA","RM20312","PDT000689020.1","CA"
"water",9,9,"USA","RM20351","PDT000689021.1","CA"
"water",8,13,"USA","RM20298","PDT000689024.1","CA"
"water",0,10,"USA","RM20200","PDT000689026.1","CA"
"water",2,18,"USA","RM20080","PDT000689027.1","CA"
"water",1,18,"USA","RM20199","PDT000689030.1","CA"
"water",1,28,"USA","RM20082","PDT000689031.1","CA"
"water",9,9,"USA","RM20059","PDT000689032.1","CA"
"water",15,20,"USA","RM20060","PDT000689033.1","CA"
"water",12,18,"USA","RM20061","PDT000689034.1","CA"
"water",1,24,"USA","RM20064","PDT000689046.1","CA"
"water",29,24,"USA","RM20111","PDT000689053.1","CA"
"water",4,11,"USA","RM19945","PDT000689054.1","CA"
"water",22,19,"USA","FSL F3-0053","PDT000784033.1","VT"
"water",1,4,"USA","FSL H4-0291","PDT000842982.1","NY"
"water",1,29,"USA","FSL N3-0094","PDT000856055.1","NY"
"water",16,18,"USA","FSL N4-0034","PDT000889123.1","NY"
"water",28,40,"USA","FSL N4-0045","PDT000889679.1","NY"
"avocado",3,23,"USA","CFSAN107826","PDT000892484.1","WI"
"beef",1,23,"USA","FDA231953 E","PDT000989693.3","CA"
"pork",0,31,"USA","VA-WGS-00430","PDT000052284.2","NC"
"beef",2,21,"USA","CFSAN030485","PDT000052660.2","TX"
"avocado",12,15,"USA","VA-WGS-00289","PDT000054737.2","VA"
"chicken",0,29,"USA","15MN00076","PDT000062480.2","MI"
"chicken",0,29,"USA","15MN00075","PDT000062513.2","MI"
"beans",0,0,"USA","VA-WGS-00423","PDT000062991.2","VA"
"pork",0,0,"USA","15MN00048","PDT000049823.2","MN"
"chicken",2,31,"USA","CFSAN029608","PDT000050634.2","GA"
"chicken",1,1,"USA","CFSAN028535","PDT000049920.2","MA"
"pork",1,11,"USA","CFSAN028545","PDT000049935.2","FL"
"fish",4,7,"USA","FLAG-82946","PDT000107311.2","FL"
"fish",0,6,"USA","FLAG-01270","PDT000107356.2","FL"
"fish",0,6,"USA","FLAG-01271","PDT000107357.2","FL"
"fish",3,23,"USA","FLAG-84988","PDT000107447.2","FL"
"chicken",0,11,"USA","FLAG-81515","PDT000107452.2","FL"
"chicken",1,1,"USA","FLAG-86578","PDT000108273.2","FL"
"chicken",0,27,"USA","FLAG-64733","PDT000110615.2","FL"
"pork",2,28,"USA","FLAG-84734","PDT000110731.8","FL"
"water",0,23,"USA","CFSAN003424","PDT000102686.3","NY"
"pork",35,22,"USA","CFSAN004327","PDT000102702.3","NJ"
"beans",1,1,"USA","CFSAN003418","PDT000102715.3","CT"
"pork",5,11,"USA","CFSAN004334","PDT000102724.3","HI"
"pork",0,9,"USA","CFSAN004310","PDT000102673.3","NC"
"pork",20,42,"USA","CFSAN004315","PDT000102679.3","PR"
"pork",0,25,"USA","FLAG-45546","PDT000150729.2","FL"
"fish",2,22,"USA","FLAG-45452","PDT000150732.2","FL"
"fish",2,20,"USA","FLAG-45066","PDT000150733.2","FL"
"pork",1,6,"USA","FLAG-44314","PDT000150734.2","FL"
"pork",0,5,"USA","FLAG-39609","PDT000152973.2","FL"
"beef",19,17,"USA","FLAG-39481","PDT000152977.2","FL"
"chicken",0,5,"USA","FLAG-38793","PDT000152978.2","FL"
"pork",27,56,"USA","FLAG-20247","PDT000152980.3","FL"
"beef",18,32,"USA","FLAG-36711","PDT000153317.2","FL"
"pork",0,5,"USA","FLAG-37507","PDT000153327.2","FL"
"pork",3,8,"USA","FLAG-35804","PDT000153330.2","FL"
"beef",2,2,"USA","FDA300798-6","PDT000152288.2","TX"
"pork",1,6,"USA","FLAG-41469","PDT000148611.2","FL"
"pork",0,27,"USA","C2004004147","PDT000148620.2","MN"
"avocado",21,33,"USA","CFSAN059054","PDT000236302.2","CO"
"avocado",0,26,"USA","CFSAN064044","PDT000236397.2","AZ"
"fish",0,14,"USA","NYAG_09B01327A-1","PDT000238461.2","NY"
"pork",6,6,"USA","FLAG-17089","PDT000247108.2","FL"
"avocado",19,21,"USA","FDA1029338-002-003","PDT000363908.1","FL"
"beef",1,23,"USA","FDA231955 P","PDT000931437.1","CA"
"beef",1,23,"USA","FDA231955 E","PDT000931447.1","CA"
"water",10,29,"USA","CFSAN093488","PDT000928360.1","CA"
"water",2,25,"USA","RM19823","PDT000926338.1","CA"
"water",2,16,"USA","FSL N4-0458","PDT000947466.1","NY"
"water",13,17,"USA","RM19369","PDT001119632.1","CA"
"water",5,15,"USA","RM50497","PDT001119637.1","CA"
"water",2,10,"USA","RM50499","PDT001119639.1","CA"
"water",5,15,"USA","RM50494","PDT001119640.1","CA"
"water",4,16,"USA","RM50495","PDT001119645.1","CA"
"water",0,17,"USA","RM19373","PDT001119650.1","CA"
"water",1,20,"USA","RM19849","PDT001119652.1","CA"
"water",4,23,"USA","RM19368","PDT001119654.1","CA"
"water",0,1,"USA","RM19850","PDT001119656.1","CA"
"water",1,14,"USA","RM19371","PDT001119659.1","CA"
"water",6,14,"USA","RM50498","PDT001119662.1","CA"
"water",10,20,"USA","RM19370","PDT001119663.1","CA"
"water",10,13,"USA","RM19859","PDT001119674.2","CA"
"water",1,30,"USA","RM50496","PDT001119678.1","CA"
"water",1,19,"USA","RM19846","PDT001119679.1","CA"
"water",1,28,"USA","RM19375","PDT001119683.1","CA"
"water",1,3,"USA","RM19366","PDT001119689.1","CA"
"water",1,29,"USA","RM19374","PDT001119698.1","CA"
"water",4,6,"USA","RM19848","PDT001119699.1","CA"
"water",12,12,"USA","RM50491","PDT001119705.1","CA"
"water",18,25,"USA","RM19897","PDT001119720.1","CA"
"water",4,11,"USA","RM19347","PDT001119730.1","CA"
"water",0,19,"USA","RM19902","PDT001119731.1","CA"
"water",3,6,"USA","RM19864","PDT001119737.1","CA"
"water",6,20,"USA","RM19903","PDT001119738.1","CA"
"water",0,23,"USA","RM19350","PDT001119741.1","CA"
"water",2,33,"USA","RM19348","PDT001119760.1","CA"
"water",2,3,"USA","RM19866","PDT001119761.1","CA"
"water",4,32,"USA","RM19357","PDT001119778.1","CA"
"water",9,23,"USA","RM19893","PDT001119785.1","CA"
"water",1,18,"USA","RM19891","PDT001119787.1","CA"
"water",2,21,"USA","RM19894","PDT001119796.1","CA"
"water",16,7,"USA","RM19354","PDT001119799.1","CA"
"water",7,18,"USA","RM19349","PDT001119811.1","CA"
"water",2,21,"USA","RM19843","PDT001119818.1","CA"
"water",0,19,"USA","RM19842","PDT001119820.1","CA"
"water",7,11,"USA","RM50489","PDT001119823.1","CA"
"water",6,5,"USA","RM19914","PDT001125787.1","CA"
"water",13,12,"USA","RM19857","PDT001125792.1","CA"
"water",2,25,"USA","RM19863","PDT001125793.1","CA"
"water",12,25,"USA","RM19861","PDT001125794.1","CA"
"fish",0,18,"USA","FDA130260-C002-004","PDT001140481.1","CA"
"fish",0,18,"USA","FDA130260-C002-003","PDT001140494.1","CA"
"beef",1,22,"USA","NMSU-SW0821-04","PDT001156664.1","TX"
"beans",2,21,"USA","WSDA83","PDT001158080.4","WA"
"beans",0,22,"USA","WSDA72","PDT001158083.4","WA"
"beans",0,22,"USA","WSDA81","PDT001158084.4","WA"
"beans",1,23,"USA","WSDA80","PDT001158085.4","WA"
"beans",0,22,"USA","WSDA79","PDT001158086.4","WA"
"fish",8,9,"USA","WSDA97","PDT001180037.1","WA"
"water",21,31,"USA","FM21-241","PDT001211522.1","RI"
"water",1,11,"USA","RM19713","PDT001120126.1","CA"
"water",2,25,"USA","RM19717","PDT001120128.1","CA"
"water",3,24,"USA","RM18331","PDT001120129.1","CA"
"water",2,24,"USA","RM19715","PDT001120130.1","CA"
"water",1,17,"USA","RM19716","PDT001120132.1","CA"
"water",9,6,"USA","RM18325","PDT001120137.1","CA"
"water",25,17,"USA","RM19711","PDT001120138.1","CA"
"water",1,18,"USA","RM19728","PDT001120139.1","CA"
"water",24,28,"USA","RM19720","PDT001120141.1","CA"
"water",10,6,"USA","RM19727","PDT001120145.1","CA"
"water",22,11,"USA","RM19695","PDT001120146.1","CA"
"water",1,16,"USA","RM19723","PDT001120151.1","CA"
"water",5,15,"USA","RM19329","PDT001120152.1","CA"
"water",6,23,"USA","RM19382","PDT001120153.1","CA"
"water",15,12,"USA","RM19381","PDT001120162.1","CA"
"water",20,34,"USA","RM19710","PDT001120173.1","CA"
"water",2,14,"USA","RM19386","PDT001120174.1","CA"
"water",3,27,"USA","RM19925","PDT001120176.1","CA"
"water",1,2,"USA","RM19933","PDT001120178.1","CA"
"water",0,31,"USA","RM19385","PDT001120179.1","CA"
"water",7,19,"USA","RM19378","PDT001120180.1","CA"
"water",0,17,"USA","RM19384","PDT001120183.1","CA"
"water",5,7,"USA","RM19335","PDT001120186.1","CA"
"water",26,3,"USA","RM19379","PDT001120187.1","CA"
"water",0,16,"USA","RM19932","PDT001120192.1","CA"
"water",5,21,"USA","RM19397","PDT001120194.1","CA"
"water",6,23,"USA","RM19700","PDT001120198.1","CA"
"water",1,1,"USA","RM19931","PDT001120199.1","CA"
"water",9,13,"USA","RM19380","PDT001120201.1","CA"
"water",1,16,"USA","RM19697","PDT001120207.1","CA"
"water",0,22,"USA","RM19705","PDT001120208.1","CA"
"water",0,23,"USA","RM19388","PDT001120210.1","CA"
"water",3,15,"USA","RM19702","PDT001120211.1","CA"
"water",0,7,"USA","RM19929","PDT001120212.1","CA"
"water",1,13,"USA","RM19394","PDT001120213.1","CA"
"water",0,20,"USA","RM19928","PDT001120214.1","CA"
"water",2,19,"USA","RM19927","PDT001120215.1","CA"
"water",5,22,"USA","RM19395","PDT001120216.1","CA"
"water",0,17,"USA","RM19701","PDT001120218.1","CA"
"water",10,31,"USA","RM19393","PDT001120219.1","CA"
"water",0,35,"USA","RM19884","PDT001120225.1","CA"
"water",17,13,"USA","RM19673","PDT001120227.1","CA"
"water",10,13,"USA","RM19389","PDT001120228.1","CA"
"water",2,5,"USA","RM19921","PDT001120229.1","CA"
"water",25,26,"USA","RM19838","PDT001120232.1","CA"
"water",4,11,"USA","RM19922","PDT001120234.1","CA"
"water",1,11,"USA","RM19707","PDT001120235.1","CA"
"water",1,16,"USA","RM19670","PDT001120236.1","CA"
"water",0,7,"USA","RM19709","PDT001120239.1","CA"
"water",25,24,"USA","RM19708","PDT001120240.1","CA"
"water",9,14,"USA","RM19919","PDT001120241.1","CA"
"water",1,10,"USA","RM19837","PDT001120242.1","CA"
"water",25,32,"USA","RM19667","PDT001120244.1","CA"
"water",0,1,"USA","RM19916","PDT001120246.1","CA"
"water",16,13,"USA","RM19668","PDT001120247.1","CA"
"water",14,11,"USA","RM19889","PDT001120248.1","CA"
"water",2,15,"USA","RM19840","PDT001120249.1","CA"
"water",0,23,"USA","RM19669","PDT001120250.1","CA"
"water",5,6,"USA","RM19671","PDT001120251.1","CA"
"water",2,3,"USA","RM19915","PDT001120252.1","CA"
"water",23,23,"USA","RM19684","PDT001120253.1","CA"
"water",1,7,"USA","RM19683","PDT001120255.1","CA"
"water",0,14,"USA","RM19674","PDT001120256.1","CA"
"water",1,20,"USA","RM19836","PDT001120257.1","CA"
"water",4,10,"USA","RM19835","PDT001120258.1","CA"
"water",10,12,"USA","RM19685","PDT001120259.1","CA"
"water",8,30,"USA","RM19376","PDT001120262.1","CA"
"water",0,7,"USA","RM19682","PDT001120263.1","CA"
"water",0,11,"USA","RM19677","PDT001120265.1","CA"
"water",1,19,"USA","RM19680","PDT001120266.1","CA"
"water",14,13,"USA","RM19834","PDT001120267.1","CA"
"water",16,24,"USA","RM19872","PDT001119880.1","CA"
"water",0,16,"USA","RM19643","PDT001119886.1","CA"
"water",1,25,"USA","RM19636","PDT001119893.1","CA"
"water",25,32,"USA","RM19641","PDT001119903.1","CA"
"water",9,24,"USA","RM19640","PDT001119909.1","CA"
"water",5,23,"USA","RM19637","PDT001119915.1","CA"
"water",2,15,"USA","RM19638","PDT001119917.1","CA"
"water",0,22,"USA","RM19337","PDT001119919.1","CA"
"water",12,36,"USA","RM19342","PDT001119927.1","CA"
"water",4,14,"USA","RM19339","PDT001119929.1","CA"
"water",0,28,"USA","RM19338","PDT001119935.1","CA"
"water",1,10,"USA","RM19332","PDT001119937.1","CA"
"water",1,20,"USA","RM19343","PDT001119945.1","CA"
"water",1,24,"USA","RM19646","PDT001119946.1","CA"
"water",0,20,"USA","RM19552","PDT001119951.1","CA"
"water",2,28,"USA","RM19553","PDT001119953.1","CA"
"water",0,16,"USA","RM19886","PDT001119956.2","CA"
"water",29,27,"USA","RM19896","PDT001119961.1","CA"
"water",2,24,"USA","RM19546","PDT001119966.1","CA"
"water",4,6,"USA","RM19539","PDT001119967.1","CA"
"water",4,16,"USA","RM19545","PDT001119968.1","CA"
"water",3,9,"USA","RM19540","PDT001119972.1","CA"
"water",0,5,"USA","RM19883","PDT001119973.1","CA"
"water",0,2,"USA","RM19547","PDT001119975.1","CA"
"water",1,17,"USA","RM19649","PDT001119978.1","CA"
"water",7,9,"USA","RM19550","PDT001119980.1","CA"
"water",5,18,"USA","RM19543","PDT001119981.1","CA"
"water",5,6,"USA","RM19878","PDT001119983.1","CA"
"water",27,26,"USA","RM19887","PDT001119984.1","CA"
"water",10,13,"USA","RM19647","PDT001119986.1","CA"
"water",1,28,"USA","RM19562","PDT001119994.1","CA"
"water",0,20,"USA","RM19536","PDT001119999.1","CA"
"water",0,20,"USA","RM19534","PDT001120004.1","CA"
"water",1,3,"USA","RM19548","PDT001120007.1","CA"
"water",9,30,"USA","RM19535","PDT001120009.1","CA"
"water",0,22,"USA","RM19572","PDT001120011.1","CA"
"water",2,11,"USA","RM19532","PDT001120013.1","CA"
"water",0,10,"USA","RM19576","PDT001120015.1","CA"
"water",11,18,"USA","RM19574","PDT001120016.1","CA"
"water",0,13,"USA","RM19571","PDT001120017.1","CA"
"water",0,9,"USA","RM19569","PDT001120018.1","CA"
"water",5,22,"USA","RM19568","PDT001120019.1","CA"
"water",7,9,"USA","RM19522","PDT001120028.1","CA"
"water",4,16,"USA","RM19560","PDT001120031.1","CA"
"water",7,9,"USA","RM19564","PDT001120032.1","CA"
"water",0,10,"USA","RM19556","PDT001120033.1","CA"
"water",0,14,"USA","RM19563","PDT001120034.1","CA"
"water",1,32,"USA","RM19558","PDT001120036.1","CA"
"water",0,22,"USA","RM19521","PDT001120041.1","CA"
"water",15,29,"USA","RM19530","PDT001120042.1","CA"
"water",24,19,"USA","RM19523","PDT001120046.1","CA"
"water",4,12,"USA","RM19527","PDT001120047.1","CA"
"water",5,7,"USA","RM19524","PDT001120048.1","CA"
"water",13,18,"USA","RM19659","PDT001120049.1","CA"
"water",0,18,"USA","RM19516","PDT001120050.1","CA"
"water",1,27,"USA","RM19515","PDT001120053.1","CA"
"water",7,20,"USA","RM19520","PDT001120055.1","CA"
"water",0,30,"USA","RM19592","PDT001120059.1","CA"
"water",17,22,"USA","RM19594","PDT001120061.1","CA"
"water",27,31,"USA","RM19583","PDT001120063.1","CA"
"water",0,17,"USA","RM19663","PDT001120065.1","CA"
"water",1,3,"USA","RM19660","PDT001120067.1","CA"
"water",5,26,"USA","RM19664","PDT001120068.1","CA"
"water",7,14,"USA","RM19657","PDT001120069.1","CA"
"water",2,14,"USA","RM19581","PDT001120070.1","CA"
"water",18,24,"USA","RM19606","PDT001120072.1","CA"
"water",0,20,"USA","RM19587","PDT001120073.1","CA"
"water",0,30,"USA","RM19591","PDT001120074.1","CA"
"water",0,2,"USA","RM19590","PDT001120075.1","CA"
"water",9,7,"USA","RM19584","PDT001120078.1","CA"
"water",19,24,"USA","RM19609","PDT001120080.1","CA"
"water",1,24,"USA","RM19604","PDT001120082.1","CA"
"water",21,32,"USA","RM19870","PDT001119828.1","CA"
"water",4,8,"USA","RM19890","PDT001119830.1","CA"
"water",3,26,"USA","RM19364","PDT001119835.1","CA"
"water",11,35,"USA","RM19359","PDT001119837.1","CA"
"water",9,23,"USA","RM19358","PDT001119838.1","CA"
"water",0,22,"USA","RM19345","PDT001119839.1","CA"
"water",4,8,"USA","RM19867","PDT001119840.1","CA"
"water",3,20,"USA","RM19868","PDT001119843.1","CA"
"water",7,25,"USA","RM19905","PDT001119844.1","CA"
"water",0,22,"USA","RM19892","PDT001119845.1","CA"
"water",3,15,"USA","RM19362","PDT001119846.1","CA"
"water",2,25,"USA","RM19324","PDT001119850.1","CA"
"water",1,28,"USA","RM19344","PDT001119852.1","CA"
"water",1,18,"USA","RM19360","PDT001119854.1","CA"
"water",0,23,"USA","RM19322","PDT001119859.1","CA"
"water",5,17,"USA","RM19321","PDT001119871.1","CA"
"water",18,30,"USA","RM19323","PDT001119873.1","CA"
"water",2,10,"USA","RM19906","PDT001119875.1","CA"
"water",0,16,"USA","RM19642","PDT001119878.1","CA"
"water",1,24,"USA","RM19630","PDT001120097.1","CA"
"water",18,15,"USA","RM18312","PDT001120098.1","CA"
"water",1,8,"USA","RM19632","PDT001120099.1","CA"
"water",0,20,"USA","RM19602","PDT001120100.1","CA"
"water",3,5,"USA","RM19599","PDT001120103.1","CA"
"water",1,9,"USA","RM19629","PDT001120104.1","CA"
"water",1,19,"USA","RM19907","PDT001120105.1","CA"
"water",0,4,"USA","RM19633","PDT001120106.1","CA"
"water",3,32,"USA","RM19912","PDT001120108.1","CA"
"water",20,34,"USA","RM17238","PDT001120110.1","CA"
"water",4,27,"USA","RM19917","PDT001120111.1","CA"
"water",4,13,"USA","RM19910","PDT001120117.1","CA"
"water",1,20,"USA","RM19909","PDT001120119.1","CA"
"water",1,7,"USA","RM19888","PDT001120123.1","CA"
"water",7,26,"USA","RM19578","PDT001120083.1","CA"
"water",0,13,"USA","RM19603","PDT001120084.1","CA"
"water",9,8,"USA","RM19598","PDT001120086.1","CA"
"water",1,28,"USA","RM19589","PDT001120090.1","CA"
"water",0,10,"USA","RM19579","PDT001120091.1","CA"
"water",25,29,"USA","RM19353","PDT001119749.1","CA"
"pork",0,11,"USA","FLAG-4437","PDT000473304.1","FL"
"chicken",2,3,"USA","FLAG-48912","PDT000473629.1","FL"
"avocado",0,34,"USA","FDA1100139-C002-001","PDT000523891.1","CA"
"avocado",0,34,"USA","FDA1100139-C001-001","PDT000523892.1","CA"
"beef",10,38,"USA","19B05683J-7","PDT000541934.1","NY"
"beef",6,34,"USA","19B05683J-3","PDT000541936.1","NY"
"beef",10,12,"USA","05B09304J-1","PDT000604844.1","NY"
"fish",11,25,"USA","KY-M05619-191009-1","PDT000623977.2","KY"
"beans",1,1,"USA","FDA507439-9","PDT000404908.1","CT"
"beans",2,4,"USA","FDA524837-6","PDT000404920.1","CT"
"beans",0,1,"USA","FDA524837-5","PDT000404925.1","CT"
"beans",0,0,"USA","FDA507439-6","PDT000404927.1","CT"
"beans",0,0,"USA","FDA507438-7","PDT000404934.1","CT"
"beans",0,0,"USA","FDA524839-1","PDT000404942.1","CT"
"beans",1,1,"USA","FDA524840-8","PDT000406668.1","CT"
"beans",0,0,"USA","FDA524838-3","PDT000406700.1","CT"
"beans",0,1,"USA","FDA524838-10","PDT000406725.1","CT"
"beans",0,0,"USA","FDA524838-6","PDT000406803.1","CT"
"beans",0,1,"USA","FDA524838-4","PDT000406864.1","CT"
"fish",4,5,"USA","FDA251930-1","PDT000409600.1","NY"
"fish",8,18,"USA","FDA268424-2","PDT000410180.1","NY"
"fish",2,5,"USA","FDA327037","PDT000382820.1","Other"
"beef",0,8,"USA","FLAG-2493","PDT000396771.1","FL"
"beef",12,27,"USA","06B05880H-1","PDT000439440.1","NY"
"fish",2,39,"USA","05B08708A-1","PDT000434307.1","NY"
"fish",0,6,"USA","19B01573-3","PDT000480876.1","NY"
"beef",6,10,"USA","FDA617159-2","PDT000487920.1","ME"
"beef",13,14,"USA","07B04613F-5","PDT000579125.1","NY"
"water",2,2,"USA","RM50508","PDT000657017.1","CA"
"water",0,10,"USA","RM50504","PDT000656808.1","CA"
